timeStamp,elapsed,label,responseCode,responseMessage,threadName,dataType,success,failureMessage,bytes,grpThreads,allThreads,Latency,IdleTime
1479506843456,271,Home Page,200,OK,JMeter Users 1-85,text,true,,270,321,321,271,0
1479506843417,310,Home Page,200,OK,JMeter Users 1-18,text,true,,270,321,321,310,0
1479506843429,298,Home Page,200,OK,JMeter Users 1-43,text,true,,289,321,321,298,0
1479506843447,280,Home Page,200,OK,JMeter Users 1-75,text,true,,289,321,321,280,0
1479506843440,287,Home Page,200,OK,JMeter Users 1-64,text,true,,289,321,321,287,0
1479506843449,278,Home Page,200,OK,JMeter Users 1-77,text,true,,289,321,321,278,0
1479506843450,277,Home Page,200,OK,JMeter Users 1-126,text,true,,289,321,321,277,0
1479506843443,284,Home Page,200,OK,JMeter Users 1-123,text,true,,289,321,321,284,0
1479506843445,282,Home Page,200,OK,JMeter Users 1-71,text,true,,289,321,321,282,0
1479506843440,287,Home Page,200,OK,JMeter Users 1-122,text,true,,289,321,321,287,0
1479506843443,284,Home Page,200,OK,JMeter Users 1-69,text,true,,289,321,321,284,0
1479506843446,277,Home Page,200,OK,JMeter Users 1-74,text,true,,270,321,321,277,0
1479506843447,276,Home Page,200,OK,JMeter Users 1-73,text,true,,289,321,321,276,0
1479506843446,277,Home Page,200,OK,JMeter Users 1-125,text,true,,289,321,321,277,0
1479506843441,282,Home Page,200,OK,JMeter Users 1-67,text,true,,270,321,321,282,0
1479506843448,275,Home Page,200,OK,JMeter Users 1-76,text,true,,289,321,321,275,0
1479506843445,278,Home Page,200,OK,JMeter Users 1-72,text,true,,270,321,321,278,0
1479506843444,279,Home Page,200,OK,JMeter Users 1-70,text,true,,270,321,321,279,0
1479506843441,282,Home Page,200,OK,JMeter Users 1-66,text,true,,289,321,321,282,0
1479506843443,280,Home Page,200,OK,JMeter Users 1-124,text,true,,270,321,321,280,0
1479506843449,274,Home Page,200,OK,JMeter Users 1-78,text,true,,270,321,321,274,0
1479506843440,283,Home Page,200,OK,JMeter Users 1-65,text,true,,270,321,321,283,0
1479506843442,281,Home Page,200,OK,JMeter Users 1-68,text,true,,289,321,321,281,0
1479506843450,273,Home Page,200,OK,JMeter Users 1-79,text,true,,270,321,321,273,0
1479506843434,295,Home Page,200,OK,JMeter Users 1-55,text,true,,289,329,329,294,0
1479506843454,279,Home Page,200,OK,JMeter Users 1-81,text,true,,270,351,351,279,0
1479506843439,295,Home Page,200,OK,JMeter Users 1-61,text,true,,289,352,352,295,0
1479506843423,311,Home Page,200,OK,JMeter Users 1-30,text,true,,289,353,353,311,0
1479506843424,312,Home Page,200,OK,JMeter Users 1-116,text,true,,289,354,354,311,0
1479506843419,319,Home Page,200,OK,JMeter Users 1-25,text,true,,289,362,362,319,0
1479506843427,313,Home Page,200,OK,JMeter Users 1-117,text,true,,289,368,368,312,0
1479506843436,318,Home Page,200,OK,JMeter Users 1-57,text,true,,289,438,438,318,0
1479506843407,351,Home Page,200,OK,JMeter Users 1-5,text,true,,270,448,448,351,0
1479506843412,346,Home Page,200,OK,JMeter Users 1-7,text,true,,270,448,448,346,0
1479506843452,315,Home Page,200,OK,JMeter Users 1-127,text,true,,270,490,490,315,0
1479506843418,349,Home Page,200,OK,JMeter Users 1-23,text,true,,270,490,490,349,0
1479506843422,345,Home Page,200,OK,JMeter Users 1-29,text,true,,270,490,490,345,0
1479506843431,347,Home Page,200,OK,JMeter Users 1-48,text,true,,289,547,547,347,0
1479506843433,385,Home Page,200,OK,JMeter Users 1-52,text,true,,289,564,564,385,0
1479506843413,405,Home Page,200,OK,JMeter Users 1-13,text,true,,289,564,564,405,0
1479506843439,379,Home Page,200,OK,JMeter Users 1-62,text,true,,289,564,564,379,0
1479506843427,391,Home Page,200,OK,JMeter Users 1-41,text,true,,289,564,564,391,0
1479506843438,380,Home Page,200,OK,JMeter Users 1-60,text,true,,289,564,564,380,0
1479506843422,397,Home Page,200,OK,JMeter Users 1-114,text,true,,289,565,565,397,0
1479506843427,405,Home Page,200,OK,JMeter Users 1-331,text,true,,289,626,626,398,0
1479506843419,433,Home Page,200,OK,JMeter Users 1-26,text,true,,289,743,743,433,0
1479506843416,494,Home Page,200,OK,JMeter Users 1-111,text,true,,289,842,842,494,0
1479506843412,498,Home Page,200,OK,JMeter Users 1-8,text,true,,289,842,842,498,0
1479506843459,451,Home Page,200,OK,JMeter Users 1-93,text,true,,289,842,842,451,0
1479506843456,454,Home Page,200,OK,JMeter Users 1-86,text,true,,289,842,842,454,0
1479506843408,502,Home Page,200,OK,JMeter Users 1-12,text,true,,289,842,842,502,0
1479506843423,488,Home Page,200,OK,JMeter Users 1-115,text,true,,289,842,842,488,0
1479506843457,454,Home Page,200,OK,JMeter Users 1-87,text,true,,289,842,842,454,0
1479506843425,507,Home Page,200,OK,JMeter Users 1-36,text,true,,289,942,942,507,0
1479506843417,517,Home Page,200,OK,JMeter Users 1-19,text,true,,289,947,947,517,0
1479506843428,506,Home Page,200,OK,JMeter Users 1-42,text,true,,289,947,947,506,0
1479506843430,504,Home Page,200,OK,JMeter Users 1-47,text,true,,289,945,945,504,0
1479506843433,503,Home Page,200,OK,JMeter Users 1-120,text,true,,289,953,953,503,0
1479506843459,480,Home Page,200,OK,JMeter Users 1-92,text,true,,289,958,958,480,0
1479506843419,522,Home Page,200,OK,JMeter Users 1-24,text,true,,289,956,956,521,0
1479506843436,505,Home Page,200,OK,JMeter Users 1-56,text,true,,289,956,956,505,0
1479506843455,486,Home Page,200,OK,JMeter Users 1-84,text,true,,289,956,956,486,0
1479506843429,512,Home Page,200,OK,JMeter Users 1-45,text,true,,289,955,955,512,0
1479506843430,512,Home Page,200,OK,JMeter Users 1-46,text,true,,289,951,951,512,0
1479506843415,527,Home Page,200,OK,JMeter Users 1-14,text,true,,289,951,951,522,0
1479506843432,512,Home Page,200,OK,JMeter Users 1-51,text,true,,289,935,935,511,0
1479506843425,519,Home Page,200,OK,JMeter Users 1-37,text,true,,289,935,935,519,0
1479506843455,492,Home Page,200,OK,JMeter Users 1-83,text,true,,289,933,933,492,0
1479506843437,510,Home Page,200,OK,JMeter Users 1-59,text,true,,289,933,933,510,0
1479506843425,524,Home Page,200,OK,JMeter Users 1-35,text,true,,289,931,931,522,0
1479506843417,533,Home Page,200,OK,JMeter Users 1-21,text,true,,289,931,931,532,0
1479506843455,497,Home Page,200,OK,JMeter Users 1-82,text,true,,289,929,929,497,0
1479506843457,497,Home Page,200,OK,JMeter Users 1-90,text,true,,289,928,928,497,0
1479506843413,546,Home Page,200,OK,JMeter Users 1-11,text,true,,289,927,927,546,0
1479506843431,530,Home Page,200,OK,JMeter Users 1-49,text,true,,289,926,926,530,0
1479506843440,530,Home Page,200,OK,JMeter Users 1-63,text,true,,289,925,925,530,0
1479506843432,554,Home Page,200,OK,JMeter Users 1-50,text,true,,289,924,924,554,0
1479506843453,533,Home Page,200,OK,JMeter Users 1-128,text,true,,289,924,924,533,0
1479506843413,590,Home Page,200,OK,JMeter Users 1-10,text,true,,289,922,922,590,0
1479506843418,591,Home Page,200,OK,JMeter Users 1-22,text,true,,289,921,921,585,0
1479506843454,558,Home Page,200,OK,JMeter Users 1-558,text,true,,289,920,920,558,0
1479506843461,588,Home Page,200,OK,JMeter Users 1-100,text,true,,289,919,919,588,0
1479506843470,579,Home Page,200,OK,JMeter Users 1-106,text,true,,270,919,919,578,0
1479506843465,584,Home Page,200,OK,JMeter Users 1-101,text,true,,270,919,919,584,0
1479506843471,578,Home Page,200,OK,JMeter Users 1-107,text,true,,270,919,919,578,0
1479506843468,581,Home Page,200,OK,JMeter Users 1-104,text,true,,289,918,918,581,0
1479506843475,574,Home Page,200,OK,JMeter Users 1-136,text,true,,270,918,918,574,0
1479506843463,586,Home Page,200,OK,JMeter Users 1-99,text,true,,270,915,915,586,0
1479506843461,588,Home Page,200,OK,JMeter Users 1-97,text,true,,289,915,915,588,0
1479506843468,581,Home Page,200,OK,JMeter Users 1-105,text,true,,289,914,914,581,0
1479506843475,574,Home Page,200,OK,JMeter Users 1-137,text,true,,270,914,914,574,0
1479506843474,575,Home Page,200,OK,JMeter Users 1-146,text,true,,270,913,913,575,0
1479506843415,635,Home Page,200,OK,JMeter Users 1-15,text,true,,289,910,910,635,0
1479506843460,590,Home Page,200,OK,JMeter Users 1-95,text,true,,270,907,907,590,0
1479506843429,622,Home Page,200,OK,JMeter Users 1-44,text,true,,289,906,906,622,0
1479506843430,621,Home Page,200,OK,JMeter Users 1-119,text,true,,289,906,906,621,0
1479506843457,594,Home Page,200,OK,JMeter Users 1-88,text,true,,289,906,906,594,0
1479506843415,636,Home Page,200,OK,JMeter Users 1-16,text,true,,289,906,906,636,0
1479506843458,593,Home Page,200,OK,JMeter Users 1-91,text,true,,289,906,906,593,0
1479506843424,628,Home Page,200,OK,JMeter Users 1-34,text,true,,270,903,903,628,0
1479506843423,629,Home Page,200,OK,JMeter Users 1-33,text,true,,289,900,900,629,0
1479506843410,642,Home Page,200,OK,JMeter Users 1-6,text,true,,289,900,900,642,0
1479506843459,593,Home Page,200,OK,JMeter Users 1-94,text,true,,289,900,900,593,0
1479506843428,624,Home Page,200,OK,JMeter Users 1-118,text,true,,289,900,900,624,0
1479506843413,639,Home Page,200,OK,JMeter Users 1-9,text,true,,289,900,900,639,0
1479506843437,616,Home Page,200,OK,JMeter Users 1-58,text,true,,289,900,900,616,0
1479506843421,632,Home Page,200,OK,JMeter Users 1-28,text,true,,289,900,900,632,0
1479506843423,630,Home Page,200,OK,JMeter Users 1-31,text,true,,289,898,898,630,0
1479506843427,626,Home Page,200,OK,JMeter Users 1-40,text,true,,289,892,892,626,0
1479506843438,615,Home Page,200,OK,JMeter Users 1-121,text,true,,289,891,891,615,0
1479506843434,620,Home Page,200,OK,JMeter Users 1-54,text,true,,289,890,890,620,0
1479506843458,596,Home Page,200,OK,JMeter Users 1-89,text,true,,289,889,889,596,0
1479506843416,638,Home Page,200,OK,JMeter Users 1-17,text,true,,289,889,889,638,0
1479506843419,635,Home Page,200,OK,JMeter Users 1-27,text,true,,289,889,889,635,0
1479506843426,654,Home Page,200,OK,JMeter Users 1-38,text,true,,289,886,886,654,0
1479506843460,620,Home Page,200,OK,JMeter Users 1-96,text,true,,289,886,886,620,0
1479506843456,667,Home Page,200,OK,JMeter Users 1-130,text,true,,289,884,884,624,0
1479506843423,700,Home Page,200,OK,JMeter Users 1-32,text,true,,289,884,884,700,0
1479506843417,707,Home Page,200,OK,JMeter Users 1-112,text,true,,289,882,882,706,0
1479506843404,757,Home Page,200,OK,JMeter Users 1-2,text,true,,270,881,881,757,0
1479506843472,689,Home Page,200,OK,JMeter Users 1-109,text,true,,270,881,881,689,0
1479506843473,695,Home Page,200,OK,JMeter Users 1-132,text,true,,270,879,879,695,0
1479506843467,701,Home Page,200,OK,JMeter Users 1-102,text,true,,270,879,879,701,0
1479506843405,763,Home Page,200,OK,JMeter Users 1-3,text,true,,270,879,879,763,0
1479506843471,705,Home Page,200,OK,JMeter Users 1-108,text,true,,270,876,876,705,0
1479506843474,703,Home Page,200,OK,JMeter Users 1-135,text,true,,289,876,876,703,0
1479506843468,709,Home Page,200,OK,JMeter Users 1-103,text,true,,289,874,874,709,0
1479506843472,705,Home Page,200,OK,JMeter Users 1-110,text,true,,270,874,874,705,0
1479506843473,704,Home Page,200,OK,JMeter Users 1-133,text,true,,289,874,874,704,0
1479506843402,775,Home Page,200,OK,JMeter Users 1-1,text,true,,289,874,874,775,0
1479506843405,773,Home Page,200,OK,JMeter Users 1-4,text,true,,289,870,870,773,0
1479506843461,717,Home Page,200,OK,JMeter Users 1-98,text,true,,289,870,870,717,0
1479506843473,706,Home Page,200,OK,JMeter Users 1-134,text,true,,289,868,868,705,0
1479506843417,763,Home Page,200,OK,JMeter Users 1-20,text,true,,289,867,867,763,0
1479506843452,728,Home Page,200,OK,JMeter Users 1-80,text,true,,289,867,867,728,0
1479506843414,766,Home Page,200,OK,JMeter Users 1-53,text,true,,289,867,867,766,0
1479506843420,760,Home Page,200,OK,JMeter Users 1-113,text,true,,289,867,867,760,0
1479506843662,519,Home Page,200,OK,JMeter Users 1-138,text,true,,270,863,863,519,0
1479506843467,717,Home Page,200,OK,JMeter Users 1-131,text,true,,289,862,862,714,0
1479506843662,522,Home Page,200,OK,JMeter Users 1-159,text,true,,289,862,862,522,0
1479506843662,530,Home Page,200,OK,JMeter Users 1-501,text,true,,270,860,860,530,0
1479506843663,529,Home Page,200,OK,JMeter Users 1-958,text,true,,289,860,860,529,0
1479506843662,530,Home Page,200,OK,JMeter Users 1-263,text,true,,270,860,860,530,0
1479506843664,535,Home Page,200,OK,JMeter Users 1-955,text,true,,289,857,857,535,0
1479506843663,536,Home Page,200,OK,JMeter Users 1-324,text,true,,270,857,857,536,0
1479506843663,536,Home Page,200,OK,JMeter Users 1-366,text,true,,270,857,857,536,0
1479506843664,535,Home Page,200,OK,JMeter Users 1-265,text,true,,270,857,857,535,0
1479506843664,535,Home Page,200,OK,JMeter Users 1-268,text,true,,270,857,857,535,0
1479506843663,536,Home Page,200,OK,JMeter Users 1-959,text,true,,270,857,857,536,0
1479506843663,536,Home Page,200,OK,JMeter Users 1-264,text,true,,270,857,857,536,0
1479506843664,535,Home Page,200,OK,JMeter Users 1-957,text,true,,289,857,857,535,0
1479506843664,535,Home Page,200,OK,JMeter Users 1-368,text,true,,289,854,854,535,0
1479506843663,538,Home Page,200,OK,JMeter Users 1-367,text,true,,289,848,848,536,0
1479506843662,541,Home Page,200,OK,JMeter Users 1-365,text,true,,289,847,847,541,0
1479506843665,541,Home Page,200,OK,JMeter Users 1-954,text,true,,270,846,846,541,0
1479506843664,542,Home Page,200,OK,JMeter Users 1-370,text,true,,270,846,846,542,0
1479506843665,541,Home Page,200,OK,JMeter Users 1-272,text,true,,270,844,844,541,0
1479506843664,542,Home Page,200,OK,JMeter Users 1-956,text,true,,270,843,843,542,0
1479506843665,544,Home Page,200,OK,JMeter Users 1-270,text,true,,270,842,842,544,0
1479506843665,544,Home Page,200,OK,JMeter Users 1-953,text,true,,270,842,842,544,0
1479506843665,544,Home Page,200,OK,JMeter Users 1-375,text,true,,270,842,842,544,0
1479506843665,544,Home Page,200,OK,JMeter Users 1-369,text,true,,270,842,842,544,0
1479506843665,545,Home Page,200,OK,JMeter Users 1-274,text,true,,270,838,838,545,0
1479506843666,545,Home Page,200,OK,JMeter Users 1-273,text,true,,270,837,837,545,0
1479506843666,553,Home Page,200,OK,JMeter Users 1-951,text,true,,270,836,836,553,0
1479506843668,551,Home Page,200,OK,JMeter Users 1-279,text,true,,270,836,836,551,0
1479506843666,553,Home Page,200,OK,JMeter Users 1-275,text,true,,270,836,836,553,0
1479506843666,553,Home Page,200,OK,JMeter Users 1-950,text,true,,270,836,836,553,0
1479506843667,554,Home Page,200,OK,JMeter Users 1-948,text,true,,270,832,832,554,0
1479506843667,556,Home Page,200,OK,JMeter Users 1-372,text,true,,270,831,831,556,0
1479506843667,556,Home Page,200,OK,JMeter Users 1-374,text,true,,270,831,831,556,0
1479506843666,557,Home Page,200,OK,JMeter Users 1-952,text,true,,270,831,831,557,0
1479506843667,556,Home Page,200,OK,JMeter Users 1-283,text,true,,270,831,831,556,0
1479506843668,555,Home Page,200,OK,JMeter Users 1-946,text,true,,270,831,831,555,0
1479506843673,591,Home Page,200,OK,JMeter Users 1-382,text,true,,270,826,826,591,0
1479506843668,597,Home Page,200,OK,JMeter Users 1-280,text,true,,270,825,825,597,0
1479506843669,596,Home Page,200,OK,JMeter Users 1-944,text,true,,289,824,824,596,0
1479506843666,601,Home Page,200,OK,JMeter Users 1-277,text,true,,270,823,823,601,0
1479506843670,638,Home Page,200,OK,JMeter Users 1-282,text,true,,270,822,822,638,0
1479506843673,643,Home Page,200,OK,JMeter Users 1-287,text,true,,289,821,821,635,0
1479506843668,648,Home Page,200,OK,JMeter Users 1-947,text,true,,270,821,821,648,0
1479506843669,647,Home Page,200,OK,JMeter Users 1-326,text,true,,270,821,821,647,0
1479506843672,644,Home Page,200,OK,JMeter Users 1-281,text,true,,270,821,821,644,0
1479506843673,665,Home Page,200,OK,JMeter Users 1-376,text,true,,270,817,817,665,0
1479506843672,667,Home Page,200,OK,JMeter Users 1-284,text,true,,289,817,817,667,0
1479506843672,685,Home Page,200,OK,JMeter Users 1-942,text,true,,270,815,815,685,0
1479506843670,687,Home Page,200,OK,JMeter Users 1-943,text,true,,270,815,815,687,0
1479506843671,686,Home Page,200,OK,JMeter Users 1-945,text,true,,289,815,815,686,0
1479506843673,684,Home Page,200,OK,JMeter Users 1-286,text,true,,270,815,815,684,0
1479506843682,695,Home Page,200,OK,JMeter Users 1-312,text,true,,270,811,811,695,0
1479506843679,698,Home Page,200,OK,JMeter Users 1-384,text,true,,270,811,811,698,0
1479506843676,701,Home Page,200,OK,JMeter Users 1-380,text,true,,289,811,811,701,0
1479506843675,702,Home Page,200,OK,JMeter Users 1-381,text,true,,270,811,811,702,0
1479506843674,703,Home Page,200,OK,JMeter Users 1-936,text,true,,270,811,811,703,0
1479506843680,697,Home Page,200,OK,JMeter Users 1-386,text,true,,289,810,810,697,0
1479506843681,700,Home Page,200,OK,JMeter Users 1-309,text,true,,289,808,808,700,0
1479506843675,706,Home Page,200,OK,JMeter Users 1-292,text,true,,289,808,808,706,0
1479506843678,699,Home Page,200,OK,JMeter Users 1-927,text,true,,270,808,808,699,0
1479506843676,705,Home Page,200,OK,JMeter Users 1-294,text,true,,289,808,808,705,0
1479506843674,703,Home Page,200,OK,JMeter Users 1-378,text,true,,270,808,808,703,0
1479506843675,702,Home Page,200,OK,JMeter Users 1-933,text,true,,270,808,808,702,0
1479506843675,706,Home Page,200,OK,JMeter Users 1-934,text,true,,289,808,808,706,0
1479506843676,705,Home Page,200,OK,JMeter Users 1-295,text,true,,289,808,808,705,0
1479506843676,710,Home Page,200,OK,JMeter Users 1-293,text,true,,270,797,797,710,0
1479506843676,710,Home Page,200,OK,JMeter Users 1-407,text,true,,270,797,797,710,0
1479506843674,712,Home Page,200,OK,JMeter Users 1-288,text,true,,270,797,797,712,0
1479506843675,712,Home Page,200,OK,JMeter Users 1-291,text,true,,270,794,794,712,0
1479506843674,713,Home Page,200,OK,JMeter Users 1-938,text,true,,270,794,794,713,0
1479506843672,718,Home Page,200,OK,JMeter Users 1-941,text,true,,270,792,792,718,0
1479506843674,717,Home Page,200,OK,JMeter Users 1-327,text,true,,270,791,791,717,0
1479506843674,717,Home Page,200,OK,JMeter Users 1-937,text,true,,270,791,791,717,0
1479506843675,716,Home Page,200,OK,JMeter Users 1-379,text,true,,270,791,791,716,0
1479506843675,716,Home Page,200,OK,JMeter Users 1-935,text,true,,270,791,791,716,0
1479506843674,717,Home Page,200,OK,JMeter Users 1-383,text,true,,270,790,790,717,0
1479506843674,717,Home Page,200,OK,JMeter Users 1-290,text,true,,270,789,789,717,0
1479506843674,717,Home Page,200,OK,JMeter Users 1-289,text,true,,270,787,787,717,0
1479506843671,721,Home Page,200,OK,JMeter Users 1-373,text,true,,289,784,784,720,0
1479506843676,717,Home Page,200,OK,JMeter Users 1-931,text,true,,289,784,784,717,0
1479506843669,724,Home Page,200,OK,JMeter Users 1-371,text,true,,289,784,784,722,0
1479506843673,720,Home Page,200,OK,JMeter Users 1-939,text,true,,289,782,782,720,0
1479506843676,717,Home Page,200,OK,JMeter Users 1-932,text,true,,270,781,781,717,0
1479506843683,712,Home Page,200,OK,JMeter Users 1-315,text,true,,270,779,779,712,0
1479506843678,717,Home Page,200,OK,JMeter Users 1-392,text,true,,270,779,779,717,0
1479506843679,716,Home Page,200,OK,JMeter Users 1-329,text,true,,289,777,777,716,0
1479506843679,716,Home Page,200,OK,JMeter Users 1-357,text,true,,289,777,777,716,0
1479506843682,713,Home Page,200,OK,JMeter Users 1-311,text,true,,289,777,777,713,0
1479506843678,772,Home Page,200,OK,JMeter Users 1-301,text,true,,270,774,774,772,0
1479506843677,773,Home Page,200,OK,JMeter Users 1-299,text,true,,270,774,774,773,0
1479506843677,777,Home Page,200,OK,JMeter Users 1-297,text,true,,289,772,772,772,0
1479506843677,803,Home Page,200,OK,JMeter Users 1-928,text,true,,270,771,771,803,0
1479506843683,797,Home Page,200,OK,JMeter Users 1-314,text,true,,270,771,771,797,0
1479506843685,816,Home Page,200,OK,JMeter Users 1-330,text,true,,270,769,769,816,0
1479506843685,816,Home Page,200,OK,JMeter Users 1-390,text,true,,270,769,769,816,0
1479506843685,816,Home Page,200,OK,JMeter Users 1-335,text,true,,270,769,769,816,0
1479506843681,820,Home Page,200,OK,JMeter Users 1-313,text,true,,270,769,769,820,0
1479506843684,817,Home Page,200,OK,JMeter Users 1-316,text,true,,270,769,769,817,0
1479506843679,822,Home Page,200,OK,JMeter Users 1-305,text,true,,270,769,769,822,0
1479506843676,825,Home Page,200,OK,JMeter Users 1-388,text,true,,270,769,769,825,0
1479506843685,816,Home Page,200,OK,JMeter Users 1-333,text,true,,270,769,769,816,0
1479506843687,815,Home Page,200,OK,JMeter Users 1-347,text,true,,270,761,761,815,0
1479506843686,819,Home Page,200,OK,JMeter Users 1-343,text,true,,270,760,760,819,0
1479506843685,820,Home Page,200,OK,JMeter Users 1-389,text,true,,270,760,760,820,0
1479506843685,822,Home Page,200,OK,JMeter Users 1-394,text,true,,270,758,758,822,0
1479506843686,821,Home Page,200,OK,JMeter Users 1-402,text,true,,270,758,758,821,0
1479506843685,822,Home Page,200,OK,JMeter Users 1-39,text,true,,270,758,758,822,0
1479506843686,822,Home Page,200,OK,JMeter Users 1-346,text,true,,289,758,758,822,0
1479506843686,822,Home Page,200,OK,JMeter Users 1-342,text,true,,270,758,758,822,0
1479506843677,831,Home Page,200,OK,JMeter Users 1-929,text,true,,270,756,756,831,0
1479506843684,826,Home Page,200,OK,JMeter Users 1-317,text,true,,289,752,752,826,0
1479506843685,827,Home Page,200,OK,JMeter Users 1-393,text,true,,289,751,751,827,0
1479506843689,829,Home Page,200,OK,JMeter Users 1-420,text,true,,270,750,750,829,0
1479506843687,832,Home Page,200,OK,JMeter Users 1-359,text,true,,289,749,749,832,0
1479506843686,837,Home Page,200,OK,JMeter Users 1-344,text,true,,270,748,748,837,0
1479506843687,838,Home Page,200,OK,JMeter Users 1-396,text,true,,289,747,747,838,0
1479506843686,840,Home Page,200,OK,JMeter Users 1-339,text,true,,289,746,746,840,0
1479506843688,838,Home Page,200,OK,JMeter Users 1-517,text,true,,289,746,746,838,0
1479506843685,841,Home Page,200,OK,JMeter Users 1-334,text,true,,289,744,744,841,0
1479506843686,840,Home Page,200,OK,JMeter Users 1-395,text,true,,289,743,743,840,0
1479506843689,838,Home Page,200,OK,JMeter Users 1-406,text,true,,289,743,743,838,0
1479506843685,842,Home Page,200,OK,JMeter Users 1-336,text,true,,289,741,741,842,0
1479506843688,839,Home Page,200,OK,JMeter Users 1-405,text,true,,289,741,741,839,0
1479506843674,855,Home Page,200,OK,JMeter Users 1-377,text,true,,289,739,739,855,0
1479506843678,851,Home Page,200,OK,JMeter Users 1-302,text,true,,289,739,739,849,0
1479506843680,851,Home Page,200,OK,JMeter Users 1-310,text,true,,289,737,737,851,0
1479506843686,846,Home Page,200,OK,JMeter Users 1-345,text,true,,289,736,736,843,0
1479506843677,855,Home Page,200,OK,JMeter Users 1-300,text,true,,289,735,735,855,0
1479506843685,848,Home Page,200,OK,JMeter Users 1-332,text,true,,289,734,734,848,0
1479506843687,847,Home Page,200,OK,JMeter Users 1-350,text,true,,289,734,734,846,0
1479506843686,848,Home Page,200,OK,JMeter Users 1-391,text,true,,289,733,733,848,0
1479506843688,846,Home Page,200,OK,JMeter Users 1-360,text,true,,289,732,732,846,0
1479506843687,848,Home Page,200,OK,JMeter Users 1-351,text,true,,289,730,730,839,0
1479506843687,848,Home Page,200,OK,JMeter Users 1-353,text,true,,289,730,730,848,0
1479506843687,848,Home Page,200,OK,JMeter Users 1-349,text,true,,289,730,730,848,0
1479506843687,848,Home Page,200,OK,JMeter Users 1-352,text,true,,289,730,730,848,0
1479506843688,847,Home Page,200,OK,JMeter Users 1-397,text,true,,289,727,727,847,0
1479506843687,849,Home Page,200,OK,JMeter Users 1-363,text,true,,289,726,726,849,0
1479506843667,873,Home Page,200,OK,JMeter Users 1-278,text,true,,270,724,724,873,0
1479506843688,852,Home Page,200,OK,JMeter Users 1-633,text,true,,270,724,724,852,0
1479506843690,854,Home Page,200,OK,JMeter Users 1-442,text,true,,270,722,722,854,0
1479506843690,854,Home Page,200,OK,JMeter Users 1-412,text,true,,270,722,722,854,0
1479506843688,856,Home Page,200,OK,JMeter Users 1-398,text,true,,270,722,722,856,0
1479506843690,854,Home Page,200,OK,JMeter Users 1-411,text,true,,270,722,722,854,0
1479506843690,854,Home Page,200,OK,JMeter Users 1-417,text,true,,270,721,721,854,0
1479506843690,858,Home Page,200,OK,JMeter Users 1-443,text,true,,270,717,717,858,0
1479506843690,858,Home Page,200,OK,JMeter Users 1-410,text,true,,270,717,717,858,0
1479506843689,859,Home Page,200,OK,JMeter Users 1-436,text,true,,270,717,717,859,0
1479506843690,858,Home Page,200,OK,JMeter Users 1-414,text,true,,270,717,717,858,0
1479506843690,859,Home Page,200,OK,JMeter Users 1-444,text,true,,289,713,713,858,0
1479506843689,862,Home Page,200,OK,JMeter Users 1-409,text,true,,289,712,712,862,0
1479506843691,860,Home Page,200,OK,JMeter Users 1-419,text,true,,289,712,712,860,0
1479506843690,861,Home Page,200,OK,JMeter Users 1-415,text,true,,289,712,712,861,0
1479506843690,861,Home Page,200,OK,JMeter Users 1-413,text,true,,289,711,711,861,0
1479506843691,863,Home Page,200,OK,JMeter Users 1-423,text,true,,289,708,708,863,0
1479506843691,863,Home Page,200,OK,JMeter Users 1-416,text,true,,289,708,708,863,0
1479506843687,868,Home Page,200,OK,JMeter Users 1-358,text,true,,289,706,706,868,0
1479506843692,863,Home Page,200,OK,JMeter Users 1-426,text,true,,289,706,706,863,0
1479506843691,864,Home Page,200,OK,JMeter Users 1-418,text,true,,289,706,706,864,0
1479506843689,868,Home Page,200,OK,JMeter Users 1-401,text,true,,289,703,703,866,0
1479506843691,866,Home Page,200,OK,JMeter Users 1-422,text,true,,289,703,703,866,0
1479506843689,868,Home Page,200,OK,JMeter Users 1-408,text,true,,289,703,703,868,0
1479506843692,868,Home Page,200,OK,JMeter Users 1-429,text,true,,289,700,700,865,0
1479506843688,873,Home Page,200,OK,JMeter Users 1-399,text,true,,289,699,699,873,0
1479506843689,872,Home Page,200,OK,JMeter Users 1-403,text,true,,289,698,698,872,0
1479506843692,869,Home Page,200,OK,JMeter Users 1-446,text,true,,289,698,698,869,0
1479506843691,873,Home Page,200,OK,JMeter Users 1-424,text,true,,289,696,696,873,0
1479506843691,875,Home Page,200,OK,JMeter Users 1-421,text,true,,289,695,695,860,0
1479506843689,877,Home Page,200,OK,JMeter Users 1-400,text,true,,289,695,695,875,0
1479506843692,874,Home Page,200,OK,JMeter Users 1-445,text,true,,289,695,695,874,0
1479506843730,879,Home Page,200,OK,JMeter Users 1-451,text,true,,289,692,692,879,0
1479506843733,876,Home Page,200,OK,JMeter Users 1-474,text,true,,289,692,692,876,0
1479506843727,882,Home Page,200,OK,JMeter Users 1-434,text,true,,289,692,692,882,0
1479506843692,917,Home Page,200,OK,JMeter Users 1-428,text,true,,289,692,692,917,0
1479506843731,879,Home Page,200,OK,JMeter Users 1-461,text,true,,289,691,691,879,0
1479506843737,873,Home Page,200,OK,JMeter Users 1-481,text,true,,289,688,688,873,0
1479506843732,878,Home Page,200,OK,JMeter Users 1-472,text,true,,289,686,686,878,0
1479506843732,878,Home Page,200,OK,JMeter Users 1-489,text,true,,289,686,686,878,0
1479506843733,877,Home Page,200,OK,JMeter Users 1-473,text,true,,289,686,686,877,0
1479506843728,882,Home Page,200,OK,JMeter Users 1-447,text,true,,289,683,683,882,0
1479506843734,877,Home Page,200,OK,JMeter Users 1-475,text,true,,289,683,683,877,0
1479506843732,879,Home Page,200,OK,JMeter Users 1-465,text,true,,289,683,683,879,0
1479506843731,880,Home Page,200,OK,JMeter Users 1-464,text,true,,289,680,680,880,0
1479506843731,880,Home Page,200,OK,JMeter Users 1-463,text,true,,289,680,680,880,0
1479506843738,873,Home Page,200,OK,JMeter Users 1-484,text,true,,289,680,680,873,0
1479506843732,879,Home Page,200,OK,JMeter Users 1-479,text,true,,289,679,679,879,0
1479506843730,881,Home Page,200,OK,JMeter Users 1-456,text,true,,289,676,676,881,0
1479506843730,881,Home Page,200,OK,JMeter Users 1-470,text,true,,289,676,676,881,0
1479506843731,880,Home Page,200,OK,JMeter Users 1-460,text,true,,289,676,676,880,0
1479506843734,878,Home Page,200,OK,JMeter Users 1-491,text,true,,270,674,674,878,0
1479506843731,881,Home Page,200,OK,JMeter Users 1-471,text,true,,289,674,674,881,0
1479506843753,859,Home Page,200,OK,JMeter Users 1-570,text,true,,289,672,672,859,0
1479506843731,881,Home Page,200,OK,JMeter Users 1-462,text,true,,289,671,671,881,0
1479506843735,877,Home Page,200,OK,JMeter Users 1-476,text,true,,289,669,669,877,0
1479506843731,881,Home Page,200,OK,JMeter Users 1-466,text,true,,289,669,669,881,0
1479506843729,883,Home Page,200,OK,JMeter Users 1-468,text,true,,289,669,669,883,0
1479506843729,883,Home Page,200,OK,JMeter Users 1-448,text,true,,289,668,668,883,0
1479506843693,919,Home Page,200,OK,JMeter Users 1-435,text,true,,289,668,668,919,0
1479506843688,924,Home Page,200,OK,JMeter Users 1-364,text,true,,289,667,667,924,0
1479506843691,921,Home Page,200,OK,JMeter Users 1-425,text,true,,289,667,667,921,0
1479506843692,920,Home Page,200,OK,JMeter Users 1-427,text,true,,289,667,667,920,0
1479506843729,883,Home Page,200,OK,JMeter Users 1-453,text,true,,289,667,667,883,0
1479506843692,921,Home Page,200,OK,JMeter Users 1-430,text,true,,289,666,666,921,0
1479506843729,884,Home Page,200,OK,JMeter Users 1-458,text,true,,289,665,665,884,0
1479506843730,883,Home Page,200,OK,JMeter Users 1-469,text,true,,289,664,664,883,0
1479506843730,883,Home Page,200,OK,JMeter Users 1-457,text,true,,289,664,664,883,0
1479506843730,883,Home Page,200,OK,JMeter Users 1-454,text,true,,289,663,663,883,0
1479506843729,884,Home Page,200,OK,JMeter Users 1-449,text,true,,289,661,661,884,0
1479506843730,883,Home Page,200,OK,JMeter Users 1-450,text,true,,289,660,660,883,0
1479506843730,883,Home Page,200,OK,JMeter Users 1-452,text,true,,289,658,658,883,0
1479506843693,920,Home Page,200,OK,JMeter Users 1-433,text,true,,270,657,657,920,0
1479506843728,885,Home Page,200,OK,JMeter Users 1-437,text,true,,289,657,657,885,0
1479506843728,885,Home Page,200,OK,JMeter Users 1-439,text,true,,289,656,656,885,0
1479506843680,934,Home Page,200,OK,JMeter Users 1-385,text,true,,289,654,654,934,0
1479506843680,934,Home Page,200,OK,JMeter Users 1-387,text,true,,270,653,653,934,0
1479506843729,885,Home Page,200,OK,JMeter Users 1-440,text,true,,270,650,650,885,0
1479506843692,922,Home Page,200,OK,JMeter Users 1-432,text,true,,289,648,648,922,0
1479506843728,886,Home Page,200,OK,JMeter Users 1-441,text,true,,289,648,648,886,0
1479506843728,886,Home Page,200,OK,JMeter Users 1-438,text,true,,289,647,647,886,0
1479506843692,922,Home Page,200,OK,JMeter Users 1-431,text,true,,289,645,645,922,0
1479506843688,927,Home Page,200,OK,JMeter Users 1-361,text,true,,289,642,642,927,0
1479506843753,863,Home Page,200,OK,JMeter Users 1-571,text,true,,289,641,641,863,0
1479506843737,880,Home Page,200,OK,JMeter Users 1-483,text,true,,289,640,640,880,0
1479506843757,863,Home Page,200,OK,JMeter Users 1-577,text,true,,289,639,639,863,0
1479506843752,874,Home Page,200,OK,JMeter Users 1-567,text,true,,289,638,638,874,0
1479506843757,872,Home Page,200,OK,JMeter Users 1-579,text,true,,289,637,637,869,0
1479506843751,879,Home Page,200,OK,JMeter Users 1-560,text,true,,289,636,636,878,0
1479506843751,880,Home Page,200,OK,JMeter Users 1-564,text,true,,289,635,635,880,0
1479506843750,881,Home Page,200,OK,JMeter Users 1-735,text,true,,289,635,635,881,0
1479506843749,896,Home Page,200,OK,JMeter Users 1-554,text,true,,289,633,633,896,0
1479506843751,894,Home Page,200,OK,JMeter Users 1-559,text,true,,289,633,633,894,0
1479506843749,897,Home Page,200,OK,JMeter Users 1-646,text,true,,289,631,631,896,0
1479506843749,897,Home Page,200,OK,JMeter Users 1-553,text,true,,289,631,631,897,0
1479506843750,897,Home Page,200,OK,JMeter Users 1-647,text,true,,289,631,631,897,0
1479506843748,900,Home Page,200,OK,JMeter Users 1-542,text,true,,289,628,628,900,0
1479506843747,902,Home Page,200,OK,JMeter Users 1-533,text,true,,289,627,627,902,0
1479506843756,893,Home Page,200,OK,JMeter Users 1-576,text,true,,289,627,627,893,0
1479506843756,894,Home Page,200,OK,JMeter Users 1-573,text,true,,289,625,625,894,0
1479506843752,898,Home Page,200,OK,JMeter Users 1-569,text,true,,289,625,625,898,0
1479506843753,897,Home Page,200,OK,JMeter Users 1-568,text,true,,289,625,625,897,0
1479506843751,899,Home Page,200,OK,JMeter Users 1-648,text,true,,289,625,625,884,0
1479506843754,899,Home Page,200,OK,JMeter Users 1-572,text,true,,289,621,621,899,0
1479506843749,904,Home Page,200,OK,JMeter Users 1-586,text,true,,289,621,621,904,0
1479506843748,905,Home Page,200,OK,JMeter Users 1-540,text,true,,289,621,621,905,0
1479506843750,903,Home Page,200,OK,JMeter Users 1-556,text,true,,289,618,618,903,0
1479506843755,900,Home Page,200,OK,JMeter Users 1-649,text,true,,289,617,617,900,0
1479506843749,906,Home Page,200,OK,JMeter Users 1-634,text,true,,289,617,617,906,0
1479506843747,910,Home Page,200,OK,JMeter Users 1-541,text,true,,289,615,615,910,0
1479506843730,933,Home Page,200,OK,JMeter Users 1-459,text,true,,289,614,614,931,0
1479506843757,906,Home Page,200,OK,JMeter Users 1-575,text,true,,289,614,614,906,0
1479506843748,916,Home Page,200,OK,JMeter Users 1-547,text,true,,289,612,612,915,0
1479506843751,914,Home Page,200,OK,JMeter Users 1-561,text,true,,289,612,612,914,0
1479506843751,916,Home Page,200,OK,JMeter Users 1-562,text,true,,289,610,610,913,0
1479506843735,932,Home Page,200,OK,JMeter Users 1-490,text,true,,289,610,610,929,0
1479506843750,919,Home Page,200,OK,JMeter Users 1-129,text,true,,289,608,608,919,0
1479506843748,921,Home Page,200,OK,JMeter Users 1-543,text,true,,289,608,608,921,0
1479506843747,922,Home Page,200,OK,JMeter Users 1-537,text,true,,289,608,608,922,0
1479506843746,926,Home Page,200,OK,JMeter Users 1-522,text,true,,289,605,605,926,0
1479506843750,922,Home Page,200,OK,JMeter Users 1-557,text,true,,289,605,605,922,0
1479506843752,920,Home Page,200,OK,JMeter Users 1-566,text,true,,289,605,605,920,0
1479506843745,927,Home Page,200,OK,JMeter Users 1-509,text,true,,289,603,603,927,0
1479506843744,929,Home Page,200,OK,JMeter Users 1-510,text,true,,289,601,601,929,0
1479506843752,926,Home Page,200,OK,JMeter Users 1-565,text,true,,270,600,600,926,0
1479506843747,931,Home Page,200,OK,JMeter Users 1-535,text,true,,289,599,599,931,0
1479506843746,935,Home Page,200,OK,JMeter Users 1-525,text,true,,289,598,598,935,0
1479506843748,933,Home Page,200,OK,JMeter Users 1-551,text,true,,289,598,598,933,0
1479506843750,931,Home Page,200,OK,JMeter Users 1-555,text,true,,289,598,598,931,0
1479506843747,934,Home Page,200,OK,JMeter Users 1-534,text,true,,289,597,597,934,0
1479506843748,935,Home Page,200,OK,JMeter Users 1-545,text,true,,289,594,594,935,0
1479506843748,935,Home Page,200,OK,JMeter Users 1-544,text,true,,289,593,593,935,0
1479506843745,941,Home Page,200,OK,JMeter Users 1-512,text,true,,289,592,592,941,0
1479506843745,941,Home Page,200,OK,JMeter Users 1-549,text,true,,289,591,591,941,0
1479506843745,941,Home Page,200,OK,JMeter Users 1-518,text,true,,289,591,591,941,0
1479506843745,944,Home Page,200,OK,JMeter Users 1-519,text,true,,289,589,589,944,0
1479506843745,944,Home Page,200,OK,JMeter Users 1-514,text,true,,289,589,589,944,0
1479506843746,943,Home Page,200,OK,JMeter Users 1-527,text,true,,289,587,587,943,0
1479506843746,943,Home Page,200,OK,JMeter Users 1-528,text,true,,289,587,587,943,0
1479506843749,941,Home Page,200,OK,JMeter Users 1-546,text,true,,289,585,585,940,0
1479506843744,946,Home Page,200,OK,JMeter Users 1-511,text,true,,289,585,585,939,0
1479506843756,934,Home Page,200,OK,JMeter Users 1-574,text,true,,289,585,585,934,0
1479506843746,944,Home Page,200,OK,JMeter Users 1-550,text,true,,289,585,585,944,0
1479506843746,946,Home Page,200,OK,JMeter Users 1-529,text,true,,289,581,581,946,0
1479506843746,946,Home Page,200,OK,JMeter Users 1-524,text,true,,289,581,581,946,0
1479506843749,944,Home Page,200,OK,JMeter Users 1-552,text,true,,289,579,579,944,0
1479506843743,951,Home Page,200,OK,JMeter Users 1-502,text,true,,289,578,578,951,0
1479506843738,958,Home Page,200,OK,JMeter Users 1-486,text,true,,289,577,577,958,0
1479506843745,953,Home Page,200,OK,JMeter Users 1-513,text,true,,289,576,576,953,0
1479506843740,960,Home Page,200,OK,JMeter Users 1-523,text,true,,289,575,575,960,0
1479506843738,963,Home Page,200,OK,JMeter Users 1-485,text,true,,289,575,575,963,0
1479506843740,961,Home Page,200,OK,JMeter Users 1-493,text,true,,289,575,575,961,0
1479506843741,960,Home Page,200,OK,JMeter Users 1-498,text,true,,270,572,572,960,0
1479506843744,957,Home Page,200,OK,JMeter Users 1-507,text,true,,270,572,572,957,0
1479506843747,956,Home Page,200,OK,JMeter Users 1-532,text,true,,270,570,570,956,0
1479506843740,965,Home Page,200,OK,JMeter Users 1-495,text,true,,289,569,569,965,0
1479506843739,966,Home Page,200,OK,JMeter Users 1-488,text,true,,289,569,569,966,0
1479506843744,962,Home Page,200,OK,JMeter Users 1-508,text,true,,289,567,567,962,0
1479506843736,971,Home Page,200,OK,JMeter Users 1-478,text,true,,289,566,566,971,0
1479506843741,972,Home Page,200,OK,JMeter Users 1-494,text,true,,289,565,565,972,0
1479506843747,967,Home Page,200,OK,JMeter Users 1-531,text,true,,289,564,564,966,0
1479506843737,979,Home Page,200,OK,JMeter Users 1-482,text,true,,289,563,563,979,0
1479506843735,985,Home Page,200,OK,JMeter Users 1-480,text,true,,289,562,562,984,0
1479506843743,977,Home Page,200,OK,JMeter Users 1-504,text,true,,289,562,562,976,0
1479506843746,974,Home Page,200,OK,JMeter Users 1-526,text,true,,270,562,562,974,0
1479506843739,982,Home Page,200,OK,JMeter Users 1-487,text,true,,289,559,559,982,0
1479506843743,978,Home Page,200,OK,JMeter Users 1-503,text,true,,289,559,559,978,0
1479506843737,987,Home Page,200,OK,JMeter Users 1-477,text,true,,289,557,557,987,0
1479506843745,979,Home Page,200,OK,JMeter Users 1-521,text,true,,289,557,557,979,0
1479506843739,989,Home Page,200,OK,JMeter Users 1-496,text,true,,289,555,555,989,0
1479506843742,989,Home Page,200,OK,JMeter Users 1-500,text,true,,289,554,554,989,0
1479506843738,995,Home Page,200,OK,JMeter Users 1-492,text,true,,289,553,553,994,0
1479506843760,974,Home Page,200,OK,JMeter Users 1-598,text,true,,289,552,552,974,0
1479506843759,976,Home Page,200,OK,JMeter Users 1-651,text,true,,289,551,551,976,0
1479506843759,976,Home Page,200,OK,JMeter Users 1-587,text,true,,289,551,551,976,0
1479506843759,980,Home Page,200,OK,JMeter Users 1-583,text,true,,289,549,549,980,0
1479506843758,987,Home Page,200,OK,JMeter Users 1-580,text,true,,289,548,548,987,0
1479506843745,1000,Home Page,200,OK,JMeter Users 1-520,text,true,,289,548,548,1000,0
1479506843746,999,Home Page,200,OK,JMeter Users 1-530,text,true,,289,548,548,999,0
1479506843760,985,Home Page,200,OK,JMeter Users 1-591,text,true,,289,548,548,985,0
1479506843760,985,Home Page,200,OK,JMeter Users 1-594,text,true,,289,544,544,985,0
1479506843760,987,Home Page,200,OK,JMeter Users 1-652,text,true,,289,543,543,985,0
1479506843761,986,Home Page,200,OK,JMeter Users 1-597,text,true,,289,543,543,986,0
1479506843759,988,Home Page,200,OK,JMeter Users 1-585,text,true,,289,543,543,988,0
1479506843760,988,Home Page,200,OK,JMeter Users 1-596,text,true,,289,540,540,988,0
1479506843759,991,Home Page,200,OK,JMeter Users 1-589,text,true,,289,539,539,990,0
1479506843758,994,Home Page,200,OK,JMeter Users 1-581,text,true,,270,538,538,994,0
1479506843759,995,Home Page,200,OK,JMeter Users 1-590,text,true,,289,537,537,989,0
1479506843757,998,Home Page,200,OK,JMeter Users 1-578,text,true,,289,536,536,998,0
1479506843760,999,Home Page,200,OK,JMeter Users 1-593,text,true,,289,535,535,999,0
1479506843742,1018,Home Page,200,OK,JMeter Users 1-497,text,true,,289,535,535,1018,0
1479506843761,1001,Home Page,200,OK,JMeter Users 1-599,text,true,,289,533,533,1001,0
1479506843760,1002,Home Page,200,OK,JMeter Users 1-595,text,true,,289,533,533,1002,0
1479506843758,1004,Home Page,200,OK,JMeter Users 1-650,text,true,,289,533,533,1004,0
1479506843759,1008,Home Page,200,OK,JMeter Users 1-588,text,true,,289,530,530,1008,0
1479506843744,1023,Home Page,200,OK,JMeter Users 1-506,text,true,,289,530,530,1023,0
1479506843742,1025,Home Page,200,OK,JMeter Users 1-548,text,true,,289,530,530,1025,0
1479506843762,1005,Home Page,200,OK,JMeter Users 1-607,text,true,,270,530,530,1005,0
1479506843759,1011,Home Page,200,OK,JMeter Users 1-584,text,true,,289,526,526,1011,0
1479506843763,1010,Home Page,200,OK,JMeter Users 1-609,text,true,,289,525,525,1010,0
1479506843743,1030,Home Page,200,OK,JMeter Users 1-505,text,true,,289,525,525,1030,0
1479506843765,1009,Home Page,200,OK,JMeter Users 1-616,text,true,,289,523,523,1008,0
1479506843758,1016,Home Page,200,OK,JMeter Users 1-582,text,true,,289,523,523,1016,0
1479506843761,1017,Home Page,200,OK,JMeter Users 1-600,text,true,,289,521,521,1017,0
1479506843760,1020,Home Page,200,OK,JMeter Users 1-592,text,true,,289,520,520,1020,0
1479506843763,1020,Home Page,200,OK,JMeter Users 1-654,text,true,,289,519,519,1019,0
1479506843766,1020,Home Page,200,OK,JMeter Users 1-618,text,true,,289,518,518,1003,0
1479506843771,1016,Home Page,200,OK,JMeter Users 1-639,text,true,,289,517,517,1016,0
1479506843762,1033,Home Page,200,OK,JMeter Users 1-606,text,true,,289,516,516,1033,0
1479506843764,1034,Home Page,200,OK,JMeter Users 1-619,text,true,,289,515,515,1022,0
1479506843767,1035,Home Page,200,OK,JMeter Users 1-656,text,true,,289,514,514,1033,0
1479506843762,1040,Home Page,200,OK,JMeter Users 1-604,text,true,,289,514,514,1040,0
1479506843764,1038,Home Page,200,OK,JMeter Users 1-655,text,true,,289,514,514,1038,0
1479506843769,1034,Home Page,200,OK,JMeter Users 1-624,text,true,,289,511,511,1034,0
1479506843769,1036,Home Page,200,OK,JMeter Users 1-623,text,true,,289,510,510,1035,0
1479506843764,1043,Home Page,200,OK,JMeter Users 1-613,text,true,,289,509,509,1043,0
1479506843764,1049,Home Page,200,OK,JMeter Users 1-614,text,true,,289,508,508,1049,0
1479506843763,1052,Home Page,200,OK,JMeter Users 1-610,text,true,,289,507,507,1052,0
1479506843763,1055,Home Page,200,OK,JMeter Users 1-611,text,true,,289,506,506,1035,0
1479506843769,1054,Home Page,200,OK,JMeter Users 1-657,text,true,,289,505,505,1054,0
1479506843765,1064,Home Page,200,OK,JMeter Users 1-615,text,true,,289,504,504,1037,0
1479506843768,1070,Home Page,200,OK,JMeter Users 1-617,text,true,,289,503,503,1044,0
1479506843761,1077,Home Page,200,OK,JMeter Users 1-602,text,true,,289,503,503,1077,0
1479506843767,1089,Home Page,200,OK,JMeter Users 1-621,text,true,,289,501,501,1081,0
1479506843762,1105,Home Page,200,OK,JMeter Users 1-605,text,true,,289,500,500,1105,0
1479506843761,1107,Home Page,200,OK,JMeter Users 1-601,text,true,,289,499,499,1107,0
1479506843762,1109,Home Page,200,OK,JMeter Users 1-608,text,true,,289,498,498,1109,0
1479506843771,1101,Home Page,200,OK,JMeter Users 1-640,text,true,,270,497,497,1101,0
1479506843772,1100,Home Page,200,OK,JMeter Users 1-643,text,true,,289,497,497,1100,0
1479506843764,1111,Home Page,200,OK,JMeter Users 1-612,text,true,,289,495,495,1111,0
1479506843772,1103,Home Page,200,OK,JMeter Users 1-660,text,true,,289,495,495,1103,0
1479506843771,1104,Home Page,200,OK,JMeter Users 1-641,text,true,,289,495,495,1104,0
1479506843770,1105,Home Page,200,OK,JMeter Users 1-629,text,true,,289,495,495,1105,0
1479506843770,1105,Home Page,200,OK,JMeter Users 1-628,text,true,,289,495,495,1105,0
1479506843768,1109,Home Page,200,OK,JMeter Users 1-622,text,true,,289,490,490,1095,0
1479506843770,1107,Home Page,200,OK,JMeter Users 1-630,text,true,,289,490,490,1107,0
1479506843770,1111,Home Page,200,OK,JMeter Users 1-631,text,true,,289,488,488,1111,0
1479506843776,1105,Home Page,200,OK,JMeter Users 1-681,text,true,,289,487,487,1105,0
1479506843770,1113,Home Page,200,OK,JMeter Users 1-626,text,true,,289,486,486,1113,0
1479506843769,1116,Home Page,200,OK,JMeter Users 1-625,text,true,,270,485,485,1116,0
1479506843761,1124,Home Page,200,OK,JMeter Users 1-653,text,true,,289,484,484,1124,0
1479506843770,1119,Home Page,200,OK,JMeter Users 1-638,text,true,,289,483,483,1118,0
1479506843772,1118,Home Page,200,OK,JMeter Users 1-663,text,true,,289,482,482,1084,0
1479506843774,1117,Home Page,200,OK,JMeter Users 1-745,text,true,,289,481,481,1117,0
1479506843761,1132,Home Page,200,OK,JMeter Users 1-603,text,true,,289,480,480,1130,0
1479506843773,1120,Home Page,200,OK,JMeter Users 1-673,text,true,,289,480,480,1120,0
1479506843773,1120,Home Page,200,OK,JMeter Users 1-821,text,true,,289,478,478,1120,0
1479506843771,1123,Home Page,200,OK,JMeter Users 1-642,text,true,,289,477,477,1123,0
1479506843773,1124,Home Page,200,OK,JMeter Users 1-668,text,true,,289,476,476,1121,0
1479506843774,1123,Home Page,200,OK,JMeter Users 1-675,text,true,,289,475,475,1123,0
1479506843771,1126,Home Page,200,OK,JMeter Users 1-637,text,true,,289,475,475,1126,0
1479506843770,1129,Home Page,200,OK,JMeter Users 1-632,text,true,,289,473,473,1129,0
1479506843773,1128,Home Page,200,OK,JMeter Users 1-670,text,true,,289,472,472,1128,0
1479506843777,1127,Home Page,200,OK,JMeter Users 1-687,text,true,,289,471,471,1124,0
1479506843777,1127,Home Page,200,OK,JMeter Users 1-685,text,true,,289,471,471,1127,0
1479506843771,1135,Home Page,200,OK,JMeter Users 1-635,text,true,,289,469,469,1135,0
1479506843772,1134,Home Page,200,OK,JMeter Users 1-659,text,true,,289,469,469,1134,0
1479506843771,1137,Home Page,200,OK,JMeter Users 1-636,text,true,,289,467,467,1137,0
1479506843776,1134,Home Page,200,OK,JMeter Users 1-684,text,true,,289,466,466,1134,0
1479506843775,1137,Home Page,200,OK,JMeter Users 1-678,text,true,,270,465,465,1137,0
1479506843822,1091,Home Page,200,OK,JMeter Users 1-840,text,true,,289,464,464,1091,0
1479506843777,1138,Home Page,200,OK,JMeter Users 1-686,text,true,,289,463,463,1136,0
1479506843776,1139,Home Page,200,OK,JMeter Users 1-829,text,true,,289,463,463,1139,0
1479506843770,1146,Home Page,200,OK,JMeter Users 1-658,text,true,,289,461,461,1145,0
1479506843775,1143,Home Page,200,OK,JMeter Users 1-679,text,true,,289,460,460,1143,0
1479506843772,1146,Home Page,200,OK,JMeter Users 1-664,text,true,,289,460,460,1144,0
1479506843777,1141,Home Page,200,OK,JMeter Users 1-716,text,true,,289,460,460,1124,0
1479506843776,1142,Home Page,200,OK,JMeter Users 1-682,text,true,,289,457,457,1142,0
1479506843772,1148,Home Page,200,OK,JMeter Users 1-661,text,true,,289,456,456,1146,0
1479506843822,1099,Home Page,200,OK,JMeter Users 1-783,text,true,,289,456,456,1099,0
1479506843821,1100,Home Page,200,OK,JMeter Users 1-721,text,true,,289,455,455,1100,0
1479506843777,1144,Home Page,200,OK,JMeter Users 1-689,text,true,,289,454,454,1144,0
1479506843823,1100,Home Page,200,OK,JMeter Users 1-726,text,true,,289,452,452,1100,0
1479506843776,1149,Home Page,200,OK,JMeter Users 1-683,text,true,,289,451,451,1149,0
1479506843773,1154,Home Page,200,OK,JMeter Users 1-669,text,true,,289,450,450,1154,0
1479506843824,1105,Home Page,200,OK,JMeter Users 1-734,text,true,,289,449,449,1104,0
1479506843773,1158,Home Page,200,OK,JMeter Users 1-674,text,true,,289,448,448,1158,0
1479506843775,1156,Home Page,200,OK,JMeter Users 1-680,text,true,,289,448,448,1141,0
1479506843827,1105,Home Page,200,OK,JMeter Users 1-749,text,true,,289,448,448,1105,0
1479506843822,1110,Home Page,200,OK,JMeter Users 1-771,text,true,,289,446,446,1110,0
1479506843772,1162,Home Page,200,OK,JMeter Users 1-645,text,true,,289,444,444,1162,0
1479506843779,1155,Home Page,200,OK,JMeter Users 1-693,text,true,,289,444,444,1155,0
1479506843821,1118,Home Page,200,OK,JMeter Users 1-719,text,true,,289,442,442,1118,0
1479506843774,1169,Home Page,200,OK,JMeter Users 1-676,text,true,,289,441,441,1169,0
1479506843827,1122,Home Page,200,OK,JMeter Users 1-752,text,true,,289,440,440,1117,0
1479506843772,1177,Home Page,200,OK,JMeter Users 1-665,text,true,,289,440,440,1177,0
1479506843777,1176,Home Page,200,OK,JMeter Users 1-830,text,true,,289,438,438,1174,0
1479506843826,1127,Home Page,200,OK,JMeter Users 1-746,text,true,,289,438,438,1127,0
1479506843824,1130,Home Page,200,OK,JMeter Users 1-732,text,true,,289,436,436,1130,0
1479506843773,1181,Home Page,200,OK,JMeter Users 1-728,text,true,,289,436,436,1181,0
1479506843821,1135,Home Page,200,OK,JMeter Users 1-712,text,true,,289,434,434,1135,0
1479506843824,1137,Home Page,200,OK,JMeter Users 1-739,text,true,,289,433,433,1137,0
1479506843823,1138,Home Page,200,OK,JMeter Users 1-729,text,true,,289,433,433,1138,0
1479506843821,1140,Home Page,200,OK,JMeter Users 1-727,text,true,,289,433,433,1140,0
1479506843822,1141,Home Page,200,OK,JMeter Users 1-737,text,true,,289,430,430,1141,0
1479506843777,1186,Home Page,200,OK,JMeter Users 1-688,text,true,,289,430,430,1186,0
1479506843820,1143,Home Page,200,OK,JMeter Users 1-714,text,true,,289,430,430,1143,0
1479506843783,1183,Home Page,200,OK,JMeter Users 1-705,text,true,,289,427,427,1181,0
1479506843819,1147,Home Page,200,OK,JMeter Users 1-706,text,true,,289,427,427,1147,0
1479506843773,1193,Home Page,200,OK,JMeter Users 1-789,text,true,,289,427,427,1193,0
1479506843826,1144,Home Page,200,OK,JMeter Users 1-744,text,true,,289,424,424,1144,0
1479506843781,1193,Home Page,200,OK,JMeter Users 1-702,text,true,,289,423,423,1193,0
1479506843823,1153,Home Page,200,OK,JMeter Users 1-730,text,true,,289,422,422,1131,0
1479506843827,1149,Home Page,200,OK,JMeter Users 1-756,text,true,,289,422,422,1149,0
1479506843779,1197,Home Page,200,OK,JMeter Users 1-694,text,true,,270,422,422,1197,0
1479506843827,1156,Home Page,200,OK,JMeter Users 1-751,text,true,,289,419,419,1156,0
1479506843823,1160,Home Page,200,OK,JMeter Users 1-724,text,true,,289,419,419,1157,0
1479506843825,1159,Home Page,200,OK,JMeter Users 1-742,text,true,,289,417,417,1159,0
1479506843822,1163,Home Page,200,OK,JMeter Users 1-834,text,true,,289,416,416,1134,0
1479506843783,1202,Home Page,200,OK,JMeter Users 1-707,text,true,,289,416,416,1202,0
1479506843822,1165,Home Page,200,OK,JMeter Users 1-723,text,true,,289,414,414,1164,0
1479506843826,1162,Home Page,200,OK,JMeter Users 1-747,text,true,,289,413,413,1162,0
1479506843822,1167,Home Page,200,OK,JMeter Users 1-774,text,true,,289,412,412,1167,0
1479506843825,1164,Home Page,200,OK,JMeter Users 1-743,text,true,,289,411,411,1164,0
1479506843780,1211,Home Page,200,OK,JMeter Users 1-699,text,true,,289,410,410,1210,0
1479506843827,1167,Home Page,200,OK,JMeter Users 1-750,text,true,,289,409,409,1167,0
1479506843782,1213,Home Page,200,OK,JMeter Users 1-704,text,true,,289,408,408,1213,0
1479506843779,1218,Home Page,200,OK,JMeter Users 1-697,text,true,,289,407,407,1218,0
1479506843824,1174,Home Page,200,OK,JMeter Users 1-741,text,true,,289,406,406,1174,0
1479506843823,1178,Home Page,200,OK,JMeter Users 1-835,text,true,,289,405,405,1178,0
1479506843781,1220,Home Page,200,OK,JMeter Users 1-831,text,true,,289,405,405,1220,0
1479506843777,1225,Home Page,200,OK,JMeter Users 1-690,text,true,,289,403,403,1225,0
1479506843821,1181,Home Page,200,OK,JMeter Users 1-722,text,true,,289,403,403,1181,0
1479506843780,1225,Home Page,200,OK,JMeter Users 1-700,text,true,,289,401,401,1225,0
1479506843834,1171,Home Page,200,OK,JMeter Users 1-772,text,true,,289,400,400,1171,0
1479506843779,1228,Home Page,200,OK,JMeter Users 1-692,text,true,,289,399,399,1228,0
1479506843821,1187,Home Page,200,OK,JMeter Users 1-718,text,true,,289,398,398,1187,0
1479506843780,1231,Home Page,200,OK,JMeter Users 1-698,text,true,,270,397,397,1231,0
1479506843824,1189,Home Page,200,OK,JMeter Users 1-736,text,true,,289,396,396,1189,0
1479506843820,1195,Home Page,200,OK,JMeter Users 1-711,text,true,,289,395,395,1195,0
1479506843774,1247,Home Page,200,OK,JMeter Users 1-828,text,true,,289,394,394,1211,0
1479506843822,1203,Home Page,200,OK,JMeter Users 1-775,text,true,,289,393,393,1200,0
1479506843820,1205,Home Page,200,OK,JMeter Users 1-710,text,true,,289,392,392,1205,0
1479506843825,1203,Home Page,200,OK,JMeter Users 1-836,text,true,,289,391,391,1203,0
1479506843820,1213,Home Page,200,OK,JMeter Users 1-832,text,true,,289,390,390,1213,0
1479506843773,1260,Home Page,200,OK,JMeter Users 1-672,text,true,,289,390,390,1260,0
1479506843834,1201,Home Page,200,OK,JMeter Users 1-779,text,true,,289,388,388,1200,0
1479506843856,1180,Home Page,200,OK,JMeter Users 1-916,text,true,,270,387,387,1180,0
1479506843779,1262,Home Page,200,OK,JMeter Users 1-695,text,true,,289,386,386,1262,0
1479506843823,1218,Home Page,200,OK,JMeter Users 1-725,text,true,,289,386,386,1218,0
1479506843835,1206,Home Page,200,OK,JMeter Users 1-781,text,true,,289,386,386,1206,0
1479506843854,1188,Home Page,200,OK,JMeter Users 1-908,text,true,,289,383,383,1188,0
1479506843841,1201,Home Page,200,OK,JMeter Users 1-810,text,true,,289,383,383,1201,0
1479506843783,1270,Home Page,200,OK,JMeter Users 1-708,text,true,,289,381,381,1270,0
1479506843820,1233,Home Page,200,OK,JMeter Users 1-715,text,true,,289,381,381,1233,0
1479506843820,1234,Home Page,200,OK,JMeter Users 1-709,text,true,,289,381,381,1234,0
1479506843782,1273,Home Page,200,OK,JMeter Users 1-703,text,true,,289,378,378,1273,0
1479506843856,1202,Home Page,200,OK,JMeter Users 1-917,text,true,,289,377,377,1202,0
1479506843840,1219,Home Page,200,OK,JMeter Users 1-803,text,true,,289,376,376,1219,0
1479506843779,1282,Home Page,200,OK,JMeter Users 1-696,text,true,,289,375,375,1282,0
1479506843821,1242,Home Page,200,OK,JMeter Users 1-717,text,true,,289,374,374,1242,0
1479506843778,1289,Home Page,200,OK,JMeter Users 1-691,text,true,,289,373,373,1289,0
1479506843827,1242,Home Page,200,OK,JMeter Users 1-753,text,true,,289,372,372,1242,0
1479506843821,1250,Home Page,200,OK,JMeter Users 1-720,text,true,,289,371,371,1248,0
1479506843851,1223,Home Page,200,OK,JMeter Users 1-892,text,true,,289,370,370,1221,0
1479506843774,1303,Home Page,200,OK,JMeter Users 1-677,text,true,,289,369,369,1303,0
1479506843852,1253,Home Page,200,OK,JMeter Users 1-900,text,true,,289,368,368,1253,0
1479506843820,1293,Home Page,200,OK,JMeter Users 1-713,text,true,,289,367,367,1285,0
1479506843835,1287,Home Page,200,OK,JMeter Users 1-784,text,true,,289,366,366,1278,0
1479506843781,1341,Home Page,200,OK,JMeter Users 1-701,text,true,,289,366,366,1341,0
1479506843837,1288,Home Page,200,OK,JMeter Users 1-793,text,true,,289,364,364,1288,0
1479506843830,1304,Home Page,200,OK,JMeter Users 1-760,text,true,,289,363,363,1304,0
1479506843838,1297,Home Page,200,OK,JMeter Users 1-796,text,true,,289,362,362,1296,0
1479506843824,1311,Home Page,200,OK,JMeter Users 1-733,text,true,,289,362,362,1311,0
1479506843835,1302,Home Page,200,OK,JMeter Users 1-787,text,true,,289,360,360,1302,0
1479506843825,1318,Home Page,200,OK,JMeter Users 1-740,text,true,,289,359,359,1318,0
1479506843850,1293,Home Page,200,OK,JMeter Users 1-886,text,true,,289,359,359,1293,0
1479506843830,1313,Home Page,200,OK,JMeter Users 1-763,text,true,,289,359,359,1313,0
1479506843856,1288,Home Page,200,OK,JMeter Users 1-920,text,true,,289,356,356,1288,0
1479506843831,1314,Home Page,200,OK,JMeter Users 1-838,text,true,,289,355,355,1314,0
1479506843831,1315,Home Page,200,OK,JMeter Users 1-764,text,true,,289,354,354,1222,0
1479506843836,1312,Home Page,200,OK,JMeter Users 1-792,text,true,,289,353,353,1312,0
1479506843841,1308,Home Page,200,OK,JMeter Users 1-847,text,true,,289,353,353,1214,0
1479506843854,1295,Home Page,200,OK,JMeter Users 1-906,text,true,,289,353,353,1295,0
1479506843837,1312,Home Page,200,OK,JMeter Users 1-794,text,true,,289,350,350,1312,0
1479506843826,1324,Home Page,200,OK,JMeter Users 1-748,text,true,,270,350,350,1324,0
1479506843830,1320,Home Page,200,OK,JMeter Users 1-761,text,true,,289,348,348,1320,0
1479506843856,1300,Home Page,200,OK,JMeter Users 1-914,text,true,,289,347,347,1299,0
1479506843851,1305,Home Page,200,OK,JMeter Users 1-891,text,true,,289,347,347,1305,0
1479506843852,1307,Home Page,200,OK,JMeter Users 1-899,text,true,,289,345,345,1225,0
1479506843828,1331,Home Page,200,OK,JMeter Users 1-757,text,true,,289,345,345,1331,0
1479506843839,1321,Home Page,200,OK,JMeter Users 1-801,text,true,,289,343,343,1321,0
1479506843852,1309,Home Page,200,OK,JMeter Users 1-896,text,true,,289,343,343,1309,0
1479506843845,1316,Home Page,200,OK,JMeter Users 1-823,text,true,,289,343,343,1316,0
1479506843833,1330,Home Page,200,OK,JMeter Users 1-767,text,true,,289,340,340,1330,0
1479506843853,1310,Home Page,200,OK,JMeter Users 1-904,text,true,,289,340,340,1310,0
1479506843840,1323,Home Page,200,OK,JMeter Users 1-805,text,true,,289,339,339,1323,0
1479506843849,1316,Home Page,200,OK,JMeter Users 1-877,text,true,,289,337,337,1316,0
1479506843835,1330,Home Page,200,OK,JMeter Users 1-842,text,true,,289,337,337,1330,0
1479506843855,1310,Home Page,200,OK,JMeter Users 1-911,text,true,,289,337,337,1310,0
1479506843838,1329,Home Page,200,OK,JMeter Users 1-795,text,true,,289,334,334,1329,0
1479506843833,1335,Home Page,200,OK,JMeter Users 1-768,text,true,,289,334,334,1335,0
1479506843829,1340,Home Page,200,OK,JMeter Users 1-758,text,true,,289,332,332,1339,0
1479506843856,1314,Home Page,200,OK,JMeter Users 1-915,text,true,,289,332,332,1314,0
1479506843828,1342,Home Page,200,OK,JMeter Users 1-759,text,true,,289,330,330,1342,0
1479506843855,1315,Home Page,200,OK,JMeter Users 1-912,text,true,,289,330,330,1315,0
1479506843824,1347,Home Page,200,OK,JMeter Users 1-738,text,true,,289,328,328,1347,0
1479506843835,1336,Home Page,200,OK,JMeter Users 1-780,text,true,,289,328,328,1336,0
1479506843853,1318,Home Page,200,OK,JMeter Users 1-903,text,true,,289,326,326,1318,0
1479506843834,1337,Home Page,200,OK,JMeter Users 1-770,text,true,,289,326,326,1337,0
1479506843840,1331,Home Page,200,OK,JMeter Users 1-806,text,true,,289,326,326,1331,0
1479506843839,1333,Home Page,200,OK,JMeter Users 1-798,text,true,,289,324,324,1333,0
1479506843834,1340,Home Page,200,OK,JMeter Users 1-778,text,true,,289,322,322,1340,0
1479506843839,1335,Home Page,200,OK,JMeter Users 1-845,text,true,,289,322,322,1335,0
1479506843836,1338,Home Page,200,OK,JMeter Users 1-786,text,true,,289,322,322,1338,0
1479506843857,1319,Home Page,200,OK,JMeter Users 1-922,text,true,,289,319,319,1319,0
1479506843834,1342,Home Page,200,OK,JMeter Users 1-773,text,true,,289,319,319,1342,0
1479506843854,1322,Home Page,200,OK,JMeter Users 1-910,text,true,,289,319,319,1322,0
1479506843834,1343,Home Page,200,OK,JMeter Users 1-776,text,true,,289,319,319,1343,0
1479506843853,1326,Home Page,200,OK,JMeter Users 1-902,text,true,,289,315,315,1326,0
1479506843828,1351,Home Page,200,OK,JMeter Users 1-755,text,true,,289,315,315,1351,0
1479506843855,1324,Home Page,200,OK,JMeter Users 1-913,text,true,,289,315,315,1324,0
1479506843840,1339,Home Page,200,OK,JMeter Users 1-799,text,true,,289,315,315,1321,0
1479506843850,1330,Home Page,200,OK,JMeter Users 1-885,text,true,,289,311,311,1330,0
1479506843838,1344,Home Page,200,OK,JMeter Users 1-844,text,true,,289,310,310,1322,0
1479506843841,1342,Home Page,200,OK,JMeter Users 1-807,text,true,,289,310,310,1342,0
1479506843854,1329,Home Page,200,OK,JMeter Users 1-918,text,true,,289,308,308,1329,0
1479506843833,1350,Home Page,200,OK,JMeter Users 1-765,text,true,,289,308,308,1350,0
1479506843857,1327,Home Page,200,OK,JMeter Users 1-923,text,true,,289,306,306,1327,0
1479506843854,1330,Home Page,200,OK,JMeter Users 1-909,text,true,,289,306,306,1330,0
1479506843838,1346,Home Page,200,OK,JMeter Users 1-797,text,true,,289,306,306,1346,0
1479506843827,1358,Home Page,200,OK,JMeter Users 1-754,text,true,,289,305,305,1358,0
1479506843833,1352,Home Page,200,OK,JMeter Users 1-839,text,true,,289,304,304,1352,0
1479506843836,1351,Home Page,200,OK,JMeter Users 1-790,text,true,,289,301,301,1339,0
1479506843823,1364,Home Page,200,OK,JMeter Users 1-731,text,true,,289,301,301,1364,0
1479506843833,1356,Home Page,200,OK,JMeter Users 1-766,text,true,,289,299,299,1356,0
1479506843834,1359,Home Page,200,OK,JMeter Users 1-777,text,true,,289,298,298,1343,0
1479506843834,1359,Home Page,200,OK,JMeter Users 1-841,text,true,,289,298,298,1359,0
1479506843859,1335,Home Page,200,OK,JMeter Users 1-924,text,true,,289,296,296,1335,0
1479506843835,1391,Home Page,200,OK,JMeter Users 1-782,text,true,,289,295,295,1391,0
1479506843866,1360,Home Page,200,OK,JMeter Users 1-987,text,true,,270,295,295,1360,0
1479506843837,1389,Home Page,200,OK,JMeter Users 1-843,text,true,,289,295,295,1389,0
1479506843851,1375,Home Page,200,OK,JMeter Users 1-889,text,true,,270,295,295,1375,0
1479506843866,1360,Home Page,200,OK,JMeter Users 1-996,text,true,,270,295,295,1360,0
1479506843854,1372,Home Page,200,OK,JMeter Users 1-907,text,true,,289,295,295,1372,0
1479506843867,1359,Home Page,200,OK,JMeter Users 1-926,text,true,,289,295,295,1359,0
1479506843840,1386,Home Page,200,OK,JMeter Users 1-846,text,true,,289,292,292,1386,0
1479506843834,1392,Home Page,200,OK,JMeter Users 1-769,text,true,,289,288,288,1392,0
1479506843840,1386,Home Page,200,OK,JMeter Users 1-804,text,true,,289,287,287,1386,0
1479506843854,1372,Home Page,200,OK,JMeter Users 1-905,text,true,,289,287,287,1372,0
1479506843866,1361,Home Page,200,OK,JMeter Users 1-986,text,true,,289,286,286,1361,0
1479506843840,1387,Home Page,200,OK,JMeter Users 1-808,text,true,,289,286,286,1387,0
1479506843862,1365,Home Page,200,OK,JMeter Users 1-960,text,true,,289,284,284,1365,0
1479506843840,1387,Home Page,200,OK,JMeter Users 1-800,text,true,,289,284,284,1387,0
1479506843866,1361,Home Page,200,OK,JMeter Users 1-991,text,true,,289,282,282,1361,0
1479506843843,1384,Home Page,200,OK,JMeter Users 1-816,text,true,,289,281,281,1384,0
1479506843835,1394,Home Page,200,OK,JMeter Users 1-785,text,true,,289,278,278,1392,0
1479506843870,1359,Home Page,200,OK,JMeter Users 1-248,text,true,,289,278,278,1359,0
1479506843866,1365,Home Page,200,OK,JMeter Users 1-992,text,true,,289,276,276,1365,0
1479506843836,1395,Home Page,200,OK,JMeter Users 1-791,text,true,,289,275,275,1351,0
1479506843915,1318,Home Page,200,OK,JMeter Users 1-242,text,true,,289,274,274,1318,0
1479506843857,1378,Home Page,200,OK,JMeter Users 1-921,text,true,,289,273,273,1377,0
1479506843870,1368,Home Page,200,OK,JMeter Users 1-216,text,true,,289,272,272,1368,0
1479506843864,1376,Home Page,200,OK,JMeter Users 1-972,text,true,,289,271,271,1363,0
1479506843868,1375,Home Page,200,OK,JMeter Users 1-271,text,true,,289,270,270,1372,0
1479506843864,1379,Home Page,200,OK,JMeter Users 1-971,text,true,,289,270,270,1379,0
1479506843869,1375,Home Page,200,OK,JMeter Users 1-247,text,true,,289,268,268,1375,0
1479506843835,1410,Home Page,200,OK,JMeter Users 1-788,text,true,,289,267,267,1410,0
1479506843847,1400,Home Page,200,OK,JMeter Users 1-856,text,true,,289,266,266,1400,0
1479506843868,1379,Home Page,200,OK,JMeter Users 1-261,text,true,,289,265,265,1379,0
1479506843841,1407,Home Page,200,OK,JMeter Users 1-809,text,true,,289,264,264,1407,0
1479506843866,1384,Home Page,200,OK,JMeter Users 1-985,text,true,,289,263,263,1384,0
1479506843830,1421,Home Page,200,OK,JMeter Users 1-762,text,true,,289,262,262,1421,0
1479506843865,1393,Home Page,200,OK,JMeter Users 1-980,text,true,,289,261,261,1393,0
1479506843850,1408,Home Page,200,OK,JMeter Users 1-881,text,true,,289,261,261,1408,0
1479506843868,1390,Home Page,200,OK,JMeter Users 1-269,text,true,,289,261,261,1390,0
1479506843862,1396,Home Page,200,OK,JMeter Users 1-1000,text,true,,289,261,261,1396,0
1479506843849,1409,Home Page,200,OK,JMeter Users 1-874,text,true,,289,258,258,1409,0
1479506843870,1388,Home Page,200,OK,JMeter Users 1-298,text,true,,289,258,258,1388,0
1479506843865,1393,Home Page,200,OK,JMeter Users 1-979,text,true,,289,257,257,1393,0
1479506843849,1411,Home Page,200,OK,JMeter Users 1-879,text,true,,289,254,254,1410,0
1479506843913,1348,Home Page,200,OK,JMeter Users 1-319,text,true,,289,253,253,1347,0
1479506843865,1396,Home Page,200,OK,JMeter Users 1-981,text,true,,289,253,253,1396,0
1479506843913,1353,Home Page,200,OK,JMeter Users 1-229,text,true,,289,251,251,1353,0
1479506843865,1401,Home Page,200,OK,JMeter Users 1-984,text,true,,289,251,251,1401,0
1479506843912,1354,Home Page,200,OK,JMeter Users 1-234,text,true,,289,250,250,1354,0
1479506843862,1413,Home Page,200,OK,JMeter Users 1-965,text,true,,289,248,248,1413,0
1479506843911,1364,Home Page,200,OK,JMeter Users 1-325,text,true,,270,248,248,1364,0
1479506843861,1414,Home Page,200,OK,JMeter Users 1-139,text,true,,289,248,248,1376,0
1479506843865,1410,Home Page,200,OK,JMeter Users 1-983,text,true,,289,248,248,1410,0
1479506843865,1410,Home Page,200,OK,JMeter Users 1-982,text,true,,289,247,247,1410,0
1479506843867,1408,Home Page,200,OK,JMeter Users 1-930,text,true,,289,246,246,1408,0
1479506843843,1433,Home Page,200,OK,JMeter Users 1-814,text,true,,289,243,243,1433,0
1479506843867,1409,Home Page,200,OK,JMeter Users 1-940,text,true,,289,242,242,1409,0
1479506843868,1409,Home Page,200,OK,JMeter Users 1-323,text,true,,289,240,240,1409,0
1479506843869,1410,Home Page,200,OK,JMeter Users 1-246,text,true,,289,239,239,1377,0
1479506843866,1414,Home Page,200,OK,JMeter Users 1-995,text,true,,289,238,238,1414,0
1479506843915,1368,Home Page,200,OK,JMeter Users 1-218,text,true,,289,237,237,1368,0
1479506843846,1444,Home Page,200,OK,JMeter Users 1-864,text,true,,289,236,236,1444,0
1479506843863,1429,Home Page,200,OK,JMeter Users 1-967,text,true,,289,235,235,1429,0
1479506843867,1425,Home Page,200,OK,JMeter Users 1-997,text,true,,289,235,235,1425,0
1479506843871,1422,Home Page,200,OK,JMeter Users 1-238,text,true,,289,235,235,1422,0
1479506843850,1443,Home Page,200,OK,JMeter Users 1-880,text,true,,289,233,233,1443,0
1479506843863,1431,Home Page,200,OK,JMeter Users 1-961,text,true,,289,231,231,1430,0
1479506843870,1426,Home Page,200,OK,JMeter Users 1-337,text,true,,289,230,230,1424,0
1479506843852,1444,Home Page,200,OK,JMeter Users 1-897,text,true,,289,230,230,1444,0
1479506843847,1450,Home Page,200,OK,JMeter Users 1-853,text,true,,289,228,228,1449,0
1479506843865,1433,Home Page,200,OK,JMeter Users 1-973,text,true,,289,227,227,1433,0
1479506843843,1458,Home Page,200,OK,JMeter Users 1-812,text,true,,289,226,226,1458,0
1479506843846,1457,Home Page,200,OK,JMeter Users 1-825,text,true,,289,225,225,1457,0
1479506843870,1437,Home Page,200,OK,JMeter Users 1-321,text,true,,289,224,224,1434,0
1479506843911,1396,Home Page,200,OK,JMeter Users 1-237,text,true,,289,224,224,1396,0
1479506843869,1444,Home Page,200,OK,JMeter Users 1-252,text,true,,289,222,222,1444,0
1479506843915,1406,Home Page,200,OK,JMeter Users 1-217,text,true,,289,221,221,1406,0
1479506843867,1463,Home Page,200,OK,JMeter Users 1-318,text,true,,289,220,220,1455,0
1479506843913,1417,Home Page,200,OK,JMeter Users 1-307,text,true,,289,220,220,1417,0
1479506843844,1494,Home Page,200,OK,JMeter Users 1-817,text,true,,289,218,218,1494,0
1479506843916,1436,Home Page,200,OK,JMeter Users 1-356,text,true,,289,217,217,1430,0
1479506843847,1511,Home Page,200,OK,JMeter Users 1-855,text,true,,289,216,216,1511,0
1479506843913,1448,Home Page,200,OK,JMeter Users 1-306,text,true,,289,215,215,1448,0
1479506843864,1497,Home Page,200,OK,JMeter Users 1-969,text,true,,289,215,215,1497,0
1479506843847,1514,Home Page,200,OK,JMeter Users 1-854,text,true,,289,213,213,1514,0
1479506843913,1448,Home Page,200,OK,JMeter Users 1-355,text,true,,289,213,213,1448,0
1479506843848,1514,Home Page,200,OK,JMeter Users 1-882,text,true,,289,211,211,1514,0
1479506843856,1507,Home Page,200,OK,JMeter Users 1-919,text,true,,289,210,210,1507,0
1479506843866,1501,Home Page,200,OK,JMeter Users 1-994,text,true,,289,209,209,1501,0
1479506843869,1499,Home Page,200,OK,JMeter Users 1-250,text,true,,289,208,208,1498,0
1479506843866,1503,Home Page,200,OK,JMeter Users 1-990,text,true,,289,207,207,1502,0
1479506843849,1521,Home Page,200,OK,JMeter Users 1-873,text,true,,289,206,206,1520,0
1479506843868,1504,Home Page,200,OK,JMeter Users 1-262,text,true,,289,205,205,1504,0
1479506843871,1504,Home Page,200,OK,JMeter Users 1-320,text,true,,289,204,204,1503,0
1479506843866,1511,Home Page,200,OK,JMeter Users 1-988,text,true,,289,203,203,1511,0
1479506843851,1532,Home Page,200,OK,JMeter Users 1-893,text,true,,289,202,202,1530,0
1479506843843,1540,Home Page,200,OK,JMeter Users 1-813,text,true,,289,202,202,1540,0
1479506843846,1538,Home Page,200,OK,JMeter Users 1-827,text,true,,289,202,202,1538,0
1479506843913,1474,Home Page,200,OK,JMeter Users 1-226,text,true,,289,199,199,1474,0
1479506843853,1534,Home Page,200,OK,JMeter Users 1-901,text,true,,289,199,199,1534,0
1479506843850,1537,Home Page,200,OK,JMeter Users 1-883,text,true,,289,199,199,1537,0
1479506843850,1537,Home Page,200,OK,JMeter Users 1-884,text,true,,289,199,199,1537,0
1479506843848,1542,Home Page,200,OK,JMeter Users 1-861,text,true,,289,195,195,1542,0
1479506843846,1544,Home Page,200,OK,JMeter Users 1-865,text,true,,289,195,195,1544,0
1479506843851,1542,Home Page,200,OK,JMeter Users 1-895,text,true,,289,193,193,1542,0
1479506843849,1544,Home Page,200,OK,JMeter Users 1-871,text,true,,289,193,193,1544,0
1479506843850,1543,Home Page,200,OK,JMeter Users 1-878,text,true,,289,193,193,1543,0
1479506843869,1525,Home Page,200,OK,JMeter Users 1-251,text,true,,289,190,190,1525,0
1479506843912,1483,Home Page,200,OK,JMeter Users 1-354,text,true,,289,189,189,1483,0
1479506843863,1535,Home Page,200,OK,JMeter Users 1-964,text,true,,289,188,188,1535,0
1479506843868,1530,Home Page,200,OK,JMeter Users 1-260,text,true,,289,188,188,1530,0
1479506843850,1554,Home Page,200,OK,JMeter Users 1-887,text,true,,289,186,186,1554,0
1479506843848,1556,Home Page,200,OK,JMeter Users 1-869,text,true,,289,186,186,1556,0
1479506843846,1559,Home Page,200,OK,JMeter Users 1-849,text,true,,289,184,184,1559,0
1479506843849,1556,Home Page,200,OK,JMeter Users 1-875,text,true,,289,184,184,1520,0
1479506843864,1543,Home Page,200,OK,JMeter Users 1-968,text,true,,289,182,182,1543,0
1479506843913,1494,Home Page,200,OK,JMeter Users 1-230,text,true,,289,182,182,1494,0
1479506843859,1548,Home Page,200,OK,JMeter Users 1-925,text,true,,289,182,182,1515,0
1479506843849,1559,Home Page,200,OK,JMeter Users 1-870,text,true,,289,180,180,1559,0
1479506843915,1493,Home Page,200,OK,JMeter Users 1-258,text,true,,289,180,180,1493,0
1479506843865,1544,Home Page,200,OK,JMeter Users 1-974,text,true,,289,177,177,1544,0
1479506843865,1544,Home Page,200,OK,JMeter Users 1-977,text,true,,289,177,177,1544,0
1479506843848,1562,Home Page,200,OK,JMeter Users 1-863,text,true,,289,175,175,1561,0
1479506843868,1542,Home Page,200,OK,JMeter Users 1-254,text,true,,289,175,175,1541,0
1479506843851,1560,Home Page,200,OK,JMeter Users 1-894,text,true,,289,174,174,1559,0
1479506843865,1547,Home Page,200,OK,JMeter Users 1-975,text,true,,289,172,172,1547,0
1479506843852,1562,Home Page,200,OK,JMeter Users 1-898,text,true,,289,171,171,1525,0
1479506843913,1502,Home Page,200,OK,JMeter Users 1-235,text,true,,289,170,170,1502,0
1479506843914,1501,Home Page,200,OK,JMeter Users 1-266,text,true,,289,170,170,1501,0
1479506843867,1548,Home Page,200,OK,JMeter Users 1-308,text,true,,289,168,168,1548,0
1479506843868,1548,Home Page,200,OK,JMeter Users 1-362,text,true,,289,167,167,1548,0
1479506843867,1550,Home Page,200,OK,JMeter Users 1-338,text,true,,289,167,167,1549,0
1479506843911,1506,Home Page,200,OK,JMeter Users 1-993,text,true,,289,165,165,1506,0
1479506843870,1549,Home Page,200,OK,JMeter Users 1-249,text,true,,289,164,164,1549,0
1479506843870,1550,Home Page,200,OK,JMeter Users 1-244,text,true,,289,163,163,1550,0
1479506843871,1556,Home Page,200,OK,JMeter Users 1-239,text,true,,289,162,162,1554,0
1479506843914,1513,Home Page,200,OK,JMeter Users 1-285,text,true,,289,162,162,1513,0
1479506843912,1515,Home Page,200,OK,JMeter Users 1-232,text,true,,289,162,162,1513,0
1479506843846,1581,Home Page,200,OK,JMeter Users 1-851,text,true,,289,162,162,1579,0
1479506843847,1580,Home Page,200,OK,JMeter Users 1-852,text,true,,289,162,162,1580,0
1479506843867,1560,Home Page,200,OK,JMeter Users 1-340,text,true,,289,162,162,1560,0
1479506843870,1557,Home Page,200,OK,JMeter Users 1-243,text,true,,289,162,162,1557,0
1479506843865,1562,Home Page,200,OK,JMeter Users 1-978,text,true,,289,162,162,1562,0
1479506843912,1515,Home Page,200,OK,JMeter Users 1-233,text,true,,289,159,159,1515,0
1479506843848,1579,Home Page,200,OK,JMeter Users 1-860,text,true,,289,159,159,1577,0
1479506843849,1578,Home Page,200,OK,JMeter Users 1-872,text,true,,289,159,159,1578,0
1479506843863,1564,Home Page,200,OK,JMeter Users 1-966,text,true,,289,156,156,1564,0
1479506843851,1580,Home Page,200,OK,JMeter Users 1-890,text,true,,289,150,150,1576,0
1479506843868,1564,Home Page,200,OK,JMeter Users 1-257,text,true,,289,149,149,1564,0
1479506843846,1586,Home Page,200,OK,JMeter Users 1-837,text,true,,289,149,149,1586,0
1479506843870,1562,Home Page,200,OK,JMeter Users 1-328,text,true,,289,147,147,1540,0
1479506843871,1561,Home Page,200,OK,JMeter Users 1-241,text,true,,289,147,147,1561,0
1479506843867,1565,Home Page,200,OK,JMeter Users 1-998,text,true,,289,147,147,1547,0
1479506843863,1569,Home Page,200,OK,JMeter Users 1-962,text,true,,289,147,147,1569,0
1479506843850,1584,Home Page,200,OK,JMeter Users 1-888,text,true,,289,146,146,1584,0
1479506843869,1565,Home Page,200,OK,JMeter Users 1-256,text,true,,289,146,146,1565,0
1479506843864,1570,Home Page,200,OK,JMeter Users 1-970,text,true,,289,146,146,1553,0
1479506843844,1592,Home Page,200,OK,JMeter Users 1-815,text,true,,289,146,146,1592,0
1479506843846,1590,Home Page,200,OK,JMeter Users 1-826,text,true,,289,146,146,1589,0
1479506843866,1570,Home Page,200,OK,JMeter Users 1-989,text,true,,289,146,146,1570,0
1479506843863,1576,Home Page,200,OK,JMeter Users 1-963,text,true,,289,146,146,1576,0
1479506843848,1592,Home Page,200,OK,JMeter Users 1-862,text,true,,289,146,146,1592,0
1479506843845,1595,Home Page,200,OK,JMeter Users 1-820,text,true,,289,146,146,1595,0
1479506843845,1595,Home Page,200,OK,JMeter Users 1-824,text,true,,289,146,146,1595,0
1479506843848,1593,Home Page,200,OK,JMeter Users 1-867,text,true,,289,146,146,1593,0
1479506843870,1571,Home Page,200,OK,JMeter Users 1-253,text,true,,289,146,146,1571,0
1479506843867,1614,Home Page,200,OK,JMeter Users 1-999,text,true,,270,146,146,1614,0
1479506843918,1563,Home Page,200,OK,JMeter Users 1-209,text,true,,270,146,146,1563,0
1479506843917,1568,Home Page,200,OK,JMeter Users 1-215,text,true,,270,146,146,1568,0
1479506843919,1567,Home Page,200,OK,JMeter Users 1-404,text,true,,270,146,146,1567,0
1479506843868,1618,Home Page,200,OK,JMeter Users 1-240,text,true,,289,146,146,1618,0
1479506843919,1568,Home Page,200,OK,JMeter Users 1-202,text,true,,270,146,146,1568,0
1479506843928,1560,Home Page,200,OK,JMeter Users 1-162,text,true,,270,146,146,1560,0
1479506843870,1618,Home Page,200,OK,JMeter Users 1-303,text,true,,289,146,146,1618,0
1479506843923,1567,Home Page,200,OK,JMeter Users 1-219,text,true,,270,146,146,1567,0
1479506843849,1642,Home Page,200,OK,JMeter Users 1-876,text,true,,289,146,146,1642,0
1479506843927,1570,Home Page,200,OK,JMeter Users 1-180,text,true,,270,146,146,1570,0
1479506843916,1581,Home Page,200,OK,JMeter Users 1-214,text,true,,270,146,146,1581,0
1479506843929,1568,Home Page,200,OK,JMeter Users 1-168,text,true,,270,146,146,1568,0
1479506843865,1632,Home Page,200,OK,JMeter Users 1-976,text,true,,289,146,146,1632,0
1479506843928,1569,Home Page,200,OK,JMeter Users 1-161,text,true,,270,146,146,1569,0
1479506843868,1631,Home Page,200,OK,JMeter Users 1-499,text,true,,289,146,146,1631,0
1479506843930,1569,Home Page,200,OK,JMeter Users 1-155,text,true,,270,146,146,1569,0
1479506843929,1572,Home Page,200,OK,JMeter Users 1-169,text,true,,270,144,144,1572,0
1479506843848,1657,Home Page,200,OK,JMeter Users 1-858,text,true,,289,113,113,1657,0
1479506843922,1583,Home Page,200,OK,JMeter Users 1-193,text,true,,270,113,113,1583,0
1479506843925,1581,Home Page,200,OK,JMeter Users 1-212,text,true,,270,113,113,1581,0
1479506843845,1661,Home Page,200,OK,JMeter Users 1-822,text,true,,289,111,111,1661,0
1479506843844,1662,Home Page,200,OK,JMeter Users 1-848,text,true,,289,111,111,1596,0
1479506843933,1574,Home Page,200,OK,JMeter Users 1-833,text,true,,270,109,109,1574,0
1479506843844,1663,Home Page,200,OK,JMeter Users 1-818,text,true,,289,109,109,1663,0
1479506843869,1638,Home Page,200,OK,JMeter Users 1-255,text,true,,289,107,107,1638,0
1479506843869,1639,Home Page,200,OK,JMeter Users 1-322,text,true,,289,105,105,1566,0
1479506843846,1662,Home Page,200,OK,JMeter Users 1-850,text,true,,289,105,105,1662,0
1479506843847,1661,Home Page,200,OK,JMeter Users 1-857,text,true,,289,103,103,1585,0
1479506843848,1662,Home Page,200,OK,JMeter Users 1-868,text,true,,289,102,102,1662,0
1479506843869,1641,Home Page,200,OK,JMeter Users 1-259,text,true,,289,102,102,1558,0
1479506843848,1663,Home Page,200,OK,JMeter Users 1-859,text,true,,289,100,100,1663,0
1479506843841,1670,Home Page,200,OK,JMeter Users 1-811,text,true,,289,100,100,1670,0
1479506843915,1596,Home Page,200,OK,JMeter Users 1-467,text,true,,289,100,100,1596,0
1479506843911,1600,Home Page,200,OK,JMeter Users 1-236,text,true,,289,98,98,1600,0
1479506843914,1599,Home Page,200,OK,JMeter Users 1-276,text,true,,289,96,96,1599,0
1479506843867,1646,Home Page,200,OK,JMeter Users 1-949,text,true,,289,96,96,1646,0
1479506843869,1644,Home Page,200,OK,JMeter Users 1-296,text,true,,289,96,96,1644,0
1479506843935,1578,Home Page,200,OK,JMeter Users 1-148,text,true,,289,96,96,1578,0
1479506843925,1589,Home Page,200,OK,JMeter Users 1-177,text,true,,289,92,92,1589,0
1479506843930,1586,Home Page,200,OK,JMeter Users 1-156,text,true,,289,91,91,1586,0
1479506843927,1589,Home Page,200,OK,JMeter Users 1-171,text,true,,289,91,91,1589,0
1479506843929,1590,Home Page,200,OK,JMeter Users 1-158,text,true,,289,89,89,1590,0
1479506843919,1600,Home Page,200,OK,JMeter Users 1-205,text,true,,289,89,89,1600,0
1479506843928,1591,Home Page,200,OK,JMeter Users 1-160,text,true,,289,89,89,1591,0
1479506843924,1596,Home Page,200,OK,JMeter Users 1-182,text,true,,289,86,86,1596,0
1479506843922,1598,Home Page,200,OK,JMeter Users 1-190,text,true,,289,86,86,1598,0
1479506843929,1593,Home Page,200,OK,JMeter Users 1-667,text,true,,289,84,84,1593,0
1479506843924,1599,Home Page,200,OK,JMeter Users 1-179,text,true,,289,83,83,1599,0
1479506843918,1605,Home Page,200,OK,JMeter Users 1-210,text,true,,289,83,83,1605,0
1479506843928,1596,Home Page,200,OK,JMeter Users 1-170,text,true,,289,81,81,1596,0
1479506843926,1599,Home Page,200,OK,JMeter Users 1-173,text,true,,289,80,80,1598,0
1479506843924,1602,Home Page,200,OK,JMeter Users 1-183,text,true,,289,79,79,1602,0
1479506843926,1600,Home Page,200,OK,JMeter Users 1-175,text,true,,289,79,79,1600,0
1479506843870,1660,Home Page,200,OK,JMeter Users 1-348,text,true,,270,77,77,1660,0
1479506843847,1685,Home Page,200,OK,JMeter Users 1-866,text,true,,270,76,76,1685,0
1479506843844,1689,Home Page,200,OK,JMeter Users 1-819,text,true,,270,76,76,1689,0
1479506843867,1668,Home Page,200,OK,JMeter Users 1-304,text,true,,270,74,74,1668,0
1479506843923,1614,Home Page,200,OK,JMeter Users 1-245,text,true,,289,73,73,1614,0
1479506843918,1631,Home Page,200,OK,JMeter Users 1-208,text,true,,289,72,72,1631,0
1479506843935,1614,Home Page,200,OK,JMeter Users 1-149,text,true,,289,72,72,1614,0
1479506843919,1637,Home Page,200,OK,JMeter Users 1-223,text,true,,289,70,70,1637,0
1479506843935,1635,Home Page,200,OK,JMeter Users 1-166,text,true,,289,69,69,1635,0
1479506843919,1651,Home Page,200,OK,JMeter Users 1-341,text,true,,289,69,69,1650,0
1479506843929,1643,Home Page,200,OK,JMeter Users 1-154,text,true,,289,67,67,1643,0
1479506843927,1646,Home Page,200,OK,JMeter Users 1-165,text,true,,289,67,67,1646,0
1479506843939,1637,Home Page,200,OK,JMeter Users 1-662,text,true,,289,65,65,1637,0
1479506843921,1657,Home Page,200,OK,JMeter Users 1-197,text,true,,289,64,64,1656,0
1479506843922,1656,Home Page,200,OK,JMeter Users 1-220,text,true,,289,64,64,1650,0
1479506843926,1653,Home Page,200,OK,JMeter Users 1-172,text,true,,289,62,62,1653,0
1479506843926,1655,Home Page,200,OK,JMeter Users 1-181,text,true,,289,61,61,1655,0
1479506843923,1663,Home Page,200,OK,JMeter Users 1-187,text,true,,270,60,60,1663,0
1479506843938,1652,Home Page,200,OK,JMeter Users 1-516,text,true,,270,59,59,1652,0
1479506843923,1670,Home Page,200,OK,JMeter Users 1-174,text,true,,270,58,58,1670,0
1479506843927,1667,Home Page,200,OK,JMeter Users 1-163,text,true,,270,57,57,1667,0
1479506843925,1673,Home Page,200,OK,JMeter Users 1-178,text,true,,270,56,56,1673,0
1479506843919,1679,Home Page,200,OK,JMeter Users 1-207,text,true,,270,56,56,1679,0
1479506843922,1676,Home Page,200,OK,JMeter Users 1-189,text,true,,270,56,56,1676,0
1479506843921,1677,Home Page,200,OK,JMeter Users 1-267,text,true,,270,55,55,1677,0
1479506843917,1682,Home Page,200,OK,JMeter Users 1-213,text,true,,270,52,52,1682,0
1479506843933,1666,Home Page,200,OK,JMeter Users 1-666,text,true,,270,52,52,1666,0
1479506843939,1661,Home Page,200,OK,JMeter Users 1-627,text,true,,270,50,50,1661,0
1479506843920,1680,Home Page,200,OK,JMeter Users 1-200,text,true,,270,50,50,1680,0
1479506843912,1691,Home Page,200,OK,JMeter Users 1-231,text,true,,270,48,48,1691,0
1479506843936,1667,Home Page,200,OK,JMeter Users 1-147,text,true,,270,48,48,1667,0
1479506843921,1682,Home Page,200,OK,JMeter Users 1-199,text,true,,270,46,46,1682,0
1479506843923,1680,Home Page,200,OK,JMeter Users 1-186,text,true,,270,46,46,1680,0
1479506843936,1670,Home Page,200,OK,JMeter Users 1-143,text,true,,270,44,44,1670,0
1479506843938,1668,Home Page,200,OK,JMeter Users 1-620,text,true,,270,44,44,1668,0
1479506843921,1686,Home Page,200,OK,JMeter Users 1-198,text,true,,270,42,42,1686,0
1479506843918,1689,Home Page,200,OK,JMeter Users 1-455,text,true,,270,41,41,1689,0
1479506843926,1681,Home Page,200,OK,JMeter Users 1-802,text,true,,270,41,41,1681,0
1479506843917,1690,Home Page,200,OK,JMeter Users 1-224,text,true,,270,39,39,1690,0
1479506843925,1682,Home Page,200,OK,JMeter Users 1-176,text,true,,270,39,39,1682,0
1479506843921,1688,Home Page,200,OK,JMeter Users 1-196,text,true,,270,37,37,1688,0
1479506843939,1671,Home Page,200,OK,JMeter Users 1-140,text,true,,270,37,37,1671,0
1479506843939,1671,Home Page,200,OK,JMeter Users 1-644,text,true,,270,36,36,1671,0
1479506843927,1683,Home Page,200,OK,JMeter Users 1-164,text,true,,270,36,36,1683,0
1479506843934,1678,Home Page,200,OK,JMeter Users 1-150,text,true,,289,33,33,1678,0
1479506843923,1690,Home Page,200,OK,JMeter Users 1-184,text,true,,289,32,32,1690,0
1479506843939,1676,Home Page,200,OK,JMeter Users 1-515,text,true,,289,31,31,1676,0
1479506843944,1672,Home Page,200,OK,JMeter Users 1-151,text,true,,289,30,30,1672,0
1479506843933,1687,Home Page,200,OK,JMeter Users 1-152,text,true,,289,29,29,1687,0
1479506843935,1689,Home Page,200,OK,JMeter Users 1-145,text,true,,289,28,28,1685,0
1479506843922,1702,Home Page,200,OK,JMeter Users 1-194,text,true,,289,28,28,1702,0
1479506843920,1708,Home Page,200,OK,JMeter Users 1-201,text,true,,289,26,26,1708,0
1479506843919,1709,Home Page,200,OK,JMeter Users 1-206,text,true,,289,26,26,1709,0
1479506843919,1713,Home Page,200,OK,JMeter Users 1-203,text,true,,289,24,24,1713,0
1479506843937,1701,Home Page,200,OK,JMeter Users 1-141,text,true,,289,23,23,1701,0
1479506843915,1723,Home Page,200,OK,JMeter Users 1-228,text,true,,289,23,23,1717,0
1479506843920,1721,Home Page,200,OK,JMeter Users 1-221,text,true,,289,21,21,1721,0
1479506843935,1706,Home Page,200,OK,JMeter Users 1-144,text,true,,289,21,21,1703,0
1479506843923,1723,Home Page,200,OK,JMeter Users 1-191,text,true,,289,19,19,1723,0
1479506843919,1727,Home Page,200,OK,JMeter Users 1-204,text,true,,289,19,19,1727,0
1479506843921,1725,Home Page,200,OK,JMeter Users 1-195,text,true,,289,19,19,1720,0
1479506843937,1714,Home Page,200,OK,JMeter Users 1-563,text,true,,289,16,16,1714,0
1479506843918,1738,Home Page,200,OK,JMeter Users 1-211,text,true,,289,15,15,1733,0
1479506843923,1733,Home Page,200,OK,JMeter Users 1-188,text,true,,289,15,15,1728,0
1479506843939,1717,Home Page,200,OK,JMeter Users 1-671,text,true,,289,15,15,1717,0
1479506843922,1739,Home Page,200,OK,JMeter Users 1-192,text,true,,289,12,12,1734,0
1479506843937,1730,Home Page,200,OK,JMeter Users 1-536,text,true,,289,11,11,1724,0
1479506843916,1751,Home Page,200,OK,JMeter Users 1-225,text,true,,289,11,11,1751,0
1479506843913,1754,Home Page,200,OK,JMeter Users 1-227,text,true,,289,11,11,1754,0
1479506843924,1743,Home Page,200,OK,JMeter Users 1-185,text,true,,289,10,10,1743,0
1479506843937,1731,Home Page,200,OK,JMeter Users 1-142,text,true,,289,8,8,1731,0
1479506843931,1737,Home Page,200,OK,JMeter Users 1-153,text,true,,289,7,7,1737,0
1479506843920,1748,Home Page,200,OK,JMeter Users 1-222,text,true,,289,6,6,1748,0
1479506843935,1733,Home Page,200,OK,JMeter Users 1-167,text,true,,289,4,4,1733,0
1479506843934,1734,Home Page,200,OK,JMeter Users 1-538,text,true,,289,4,4,1734,0
1479506843929,1741,Home Page,200,OK,JMeter Users 1-157,text,true,,289,2,2,1741,0
1479506843937,1733,Home Page,200,OK,JMeter Users 1-539,text,true,,289,2,2,1731,0
